Company name,Financial Year,Model,Value,Estimated?,Method
Garden Reach Shipbuilders and Engineers Limited,2025,Market Price,1603.91,no,directly computed from reported figures
Garden Reach Shipbuilders and Engineers Limited,2025,(DCF) Intrinsic Value,962.06,no,directly computed from reported figures
Garden Reach Shipbuilders and Engineers Limited,2025,(P/E Relative Valuation) Intrinsic Value,1788.87,no,directly computed from reported figures
Garden Reach Shipbuilders and Engineers Limited,2025,(EV/EBITDA Valuation) Intrinsic Value,1855.28,no,directly computed from reported figures
Garden Reach Shipbuilders and Engineers Limited,2025,(XGBoost) Intrinsic Value,2951.54,no,directly computed from reported figures
Garden Reach Shipbuilders and Engineers Limited,2025,(Random Forest) Intrinsic Value,2852.79,no,directly computed from reported figures
Garden Reach Shipbuilders and Engineers Limited,2025,(LightGBM) Intrinsic Value,3142.52,no,directly computed from reported figures
Garden Reach Shipbuilders and Engineers Limited,2024,Market Price,712.42,no,directly computed from reported figures
Garden Reach Shipbuilders and Engineers Limited,2024,(DCF) Intrinsic Value,727.65,YES,normalised FCFF (median of 3 positive years; FY2024 reported negative)
Garden Reach Shipbuilders and Engineers Limited,2024,(P/E Relative Valuation) Intrinsic Value,830.5,no,directly computed from reported figures
Garden Reach Shipbuilders and Engineers Limited,2024,(EV/EBITDA Valuation) Intrinsic Value,1080.76,no,directly computed from reported figures
Garden Reach Shipbuilders and Engineers Limited,2024,(XGBoost) Intrinsic Value,1257.07,no,directly computed from reported figures
Garden Reach Shipbuilders and Engineers Limited,2024,(Random Forest) Intrinsic Value,1142.22,no,directly computed from reported figures
Garden Reach Shipbuilders and Engineers Limited,2024,(LightGBM) Intrinsic Value,1143.83,no,directly computed from reported figures
Garden Reach Shipbuilders and Engineers Limited,2023,Market Price,369.59,no,directly computed from reported figures
Garden Reach Shipbuilders and Engineers Limited,2023,(DCF) Intrinsic Value,4832.95,no,directly computed from reported figures
Garden Reach Shipbuilders and Engineers Limited,2023,(P/E Relative Valuation) Intrinsic Value,541.21,no,directly computed from reported figures
Garden Reach Shipbuilders and Engineers Limited,2023,(EV/EBITDA Valuation) Intrinsic Value,716.75,no,directly computed from reported figures
Garden Reach Shipbuilders and Engineers Limited,2023,(XGBoost) Intrinsic Value,589.32,no,directly computed from reported figures
Garden Reach Shipbuilders and Engineers Limited,2023,(Random Forest) Intrinsic Value,573.37,no,directly computed from reported figures
Garden Reach Shipbuilders and Engineers Limited,2023,(LightGBM) Intrinsic Value,446.97,no,directly computed from reported figures
Garden Reach Shipbuilders and Engineers Limited,2022,Market Price,211.23,no,directly computed from reported figures
Garden Reach Shipbuilders and Engineers Limited,2022,(DCF) Intrinsic Value,435.38,YES,ebit=backcast_revenue from FY2023; da=backcast_revenue from FY2023; capex=backcast_revenue from FY2023; ocf=backcast_revenue from FY2023
Garden Reach Shipbuilders and Engineers Limited,2022,(P/E Relative Valuation) Intrinsic Value,247.98,YES,eps=derived (Net Income / Shares); net_income=backcast_revenue from FY2023
Garden Reach Shipbuilders and Engineers Limited,2022,(EV/EBITDA Valuation) Intrinsic Value,258.28,YES,ebitda=backcast_revenue from FY2023; ebit=backcast_revenue from FY2023; da=backcast_revenue from FY2023
Garden Reach Shipbuilders and Engineers Limited,2022,(XGBoost) Intrinsic Value,257.37,no,directly computed from reported figures
Garden Reach Shipbuilders and Engineers Limited,2022,(Random Forest) Intrinsic Value,345.61,no,directly computed from reported figures
Garden Reach Shipbuilders and Engineers Limited,2022,(LightGBM) Intrinsic Value,296.18,no,directly computed from reported figures
Garden Reach Shipbuilders and Engineers Limited,2021,Market Price,189.02,no,directly computed from reported figures
Garden Reach Shipbuilders and Engineers Limited,2021,(DCF) Intrinsic Value,205.56,YES,ebit=backcast_revenue from FY2023; da=backcast_revenue from FY2023; capex=backcast_revenue from FY2023; ocf=backcast_revenue from FY2023
Garden Reach Shipbuilders and Engineers Limited,2021,(P/E Relative Valuation) Intrinsic Value,258.9,YES,eps=derived (Net Income / Shares); net_income=backcast_revenue from FY2023
Garden Reach Shipbuilders and Engineers Limited,2021,(EV/EBITDA Valuation) Intrinsic Value,172.74,YES,ebitda=backcast_revenue from FY2023; ebit=backcast_revenue from FY2023; da=backcast_revenue from FY2023
Garden Reach Shipbuilders and Engineers Limited,2021,(XGBoost) Intrinsic Value,241.08,YES,leave-one-year-out fold (training included years after FY2021; not a forward-looking prediction)
Garden Reach Shipbuilders and Engineers Limited,2021,(Random Forest) Intrinsic Value,251.25,YES,leave-one-year-out fold (training included years after FY2021; not a forward-looking prediction)
Garden Reach Shipbuilders and Engineers Limited,2021,(LightGBM) Intrinsic Value,272.1,YES,leave-one-year-out fold (training included years after FY2021; not a forward-looking prediction)
Bharat Electronics Limited,2025,Market Price,282.86,no,directly computed from reported figures
Bharat Electronics Limited,2025,(DCF) Intrinsic Value,14.44,no,directly computed from reported figures
Bharat Electronics Limited,2025,(P/E Relative Valuation) Intrinsic Value,253.62,no,directly computed from reported figures
Bharat Electronics Limited,2025,(EV/EBITDA Valuation) Intrinsic Value,220.59,no,directly computed from reported figures
Bharat Electronics Limited,2025,(XGBoost) Intrinsic Value,441.78,no,directly computed from reported figures
Bharat Electronics Limited,2025,(Random Forest) Intrinsic Value,449.21,no,directly computed from reported figures
Bharat Electronics Limited,2025,(LightGBM) Intrinsic Value,467.49,no,directly computed from reported figures
Bharat Electronics Limited,2024,Market Price,145.12,no,directly computed from reported figures
Bharat Electronics Limited,2024,(DCF) Intrinsic Value,331.8,no,directly computed from reported figures
Bharat Electronics Limited,2024,(P/E Relative Valuation) Intrinsic Value,124.49,no,directly computed from reported figures
Bharat Electronics Limited,2024,(EV/EBITDA Valuation) Intrinsic Value,123.36,no,directly computed from reported figures
Bharat Electronics Limited,2024,(XGBoost) Intrinsic Value,218.05,no,directly computed from reported figures
Bharat Electronics Limited,2024,(Random Forest) Intrinsic Value,217.31,no,directly computed from reported figures
Bharat Electronics Limited,2024,(LightGBM) Intrinsic Value,242.89,no,directly computed from reported figures
Bharat Electronics Limited,2023,Market Price,93.83,no,directly computed from reported figures
Bharat Electronics Limited,2023,(DCF) Intrinsic Value,20.11,no,directly computed from reported figures
Bharat Electronics Limited,2023,(P/E Relative Valuation) Intrinsic Value,102.22,no,directly computed from reported figures
Bharat Electronics Limited,2023,(EV/EBITDA Valuation) Intrinsic Value,62.76,no,directly computed from reported figures
Bharat Electronics Limited,2023,(XGBoost) Intrinsic Value,131.73,no,directly computed from reported figures
Bharat Electronics Limited,2023,(Random Forest) Intrinsic Value,140.05,no,directly computed from reported figures
Bharat Electronics Limited,2023,(LightGBM) Intrinsic Value,131.01,no,directly computed from reported figures
Bharat Electronics Limited,2022,Market Price,62.26,no,directly computed from reported figures
Bharat Electronics Limited,2022,(DCF) Intrinsic Value,150.03,YES,ebit=backcast_revenue from FY2023; da=backcast_revenue from FY2023; capex=backcast_revenue from FY2023; ocf=backcast_revenue from FY2023
Bharat Electronics Limited,2022,(P/E Relative Valuation) Intrinsic Value,53.04,YES,eps=derived (Net Income / Shares); net_income=backcast_revenue from FY2023
Bharat Electronics Limited,2022,(EV/EBITDA Valuation) Intrinsic Value,50.45,YES,ebitda=backcast_revenue from FY2023; ebit=backcast_revenue from FY2023; da=backcast_revenue from FY2023
Bharat Electronics Limited,2022,(XGBoost) Intrinsic Value,109.86,no,directly computed from reported figures
Bharat Electronics Limited,2022,(Random Forest) Intrinsic Value,103.84,no,directly computed from reported figures
Bharat Electronics Limited,2022,(LightGBM) Intrinsic Value,96.23,no,directly computed from reported figures
Bharat Electronics Limited,2021,Market Price,34.33,no,directly computed from reported figures
Bharat Electronics Limited,2021,(DCF) Intrinsic Value,95.74,YES,ebit=backcast_revenue from FY2023; da=backcast_revenue from FY2023; capex=backcast_revenue from FY2023; ocf=backcast_revenue from FY2023
Bharat Electronics Limited,2021,(P/E Relative Valuation) Intrinsic Value,91.5,YES,eps=derived (Net Income / Shares); net_income=backcast_revenue from FY2023
Bharat Electronics Limited,2021,(EV/EBITDA Valuation) Intrinsic Value,61.0,YES,ebitda=backcast_revenue from FY2023; ebit=backcast_revenue from FY2023; da=backcast_revenue from FY2023
Bharat Electronics Limited,2021,(XGBoost) Intrinsic Value,55.69,YES,leave-one-year-out fold (training included years after FY2021; not a forward-looking prediction)
Bharat Electronics Limited,2021,(Random Forest) Intrinsic Value,46.21,YES,leave-one-year-out fold (training included years after FY2021; not a forward-looking prediction)
Bharat Electronics Limited,2021,(LightGBM) Intrinsic Value,49.52,YES,leave-one-year-out fold (training included years after FY2021; not a forward-looking prediction)
Hindustan Aeronautics Limited,2025,Market Price,4333.59,no,directly computed from reported figures
Hindustan Aeronautics Limited,2025,(DCF) Intrinsic Value,7711.44,no,directly computed from reported figures
Hindustan Aeronautics Limited,2025,(P/E Relative Valuation) Intrinsic Value,4859.56,no,directly computed from reported figures
Hindustan Aeronautics Limited,2025,(EV/EBITDA Valuation) Intrinsic Value,4736.33,no,directly computed from reported figures
Hindustan Aeronautics Limited,2025,(XGBoost) Intrinsic Value,7474.93,no,directly computed from reported figures
Hindustan Aeronautics Limited,2025,(Random Forest) Intrinsic Value,6358.26,no,directly computed from reported figures
Hindustan Aeronautics Limited,2025,(LightGBM) Intrinsic Value,7222.56,no,directly computed from reported figures
Hindustan Aeronautics Limited,2024,Market Price,2199.29,no,directly computed from reported figures
Hindustan Aeronautics Limited,2024,(DCF) Intrinsic Value,1592.18,no,directly computed from reported figures
Hindustan Aeronautics Limited,2024,(P/E Relative Valuation) Intrinsic Value,3034.17,no,directly computed from reported figures
Hindustan Aeronautics Limited,2024,(EV/EBITDA Valuation) Intrinsic Value,3361.11,no,directly computed from reported figures
Hindustan Aeronautics Limited,2024,(XGBoost) Intrinsic Value,3577.62,no,directly computed from reported figures
Hindustan Aeronautics Limited,2024,(Random Forest) Intrinsic Value,3261.75,no,directly computed from reported figures
Hindustan Aeronautics Limited,2024,(LightGBM) Intrinsic Value,3951.93,no,directly computed from reported figures
Hindustan Aeronautics Limited,2023,Market Price,1124.48,no,directly computed from reported figures
Hindustan Aeronautics Limited,2023,(DCF) Intrinsic Value,4191.29,no,directly computed from reported figures
Hindustan Aeronautics Limited,2023,(P/E Relative Valuation) Intrinsic Value,2368.72,no,directly computed from reported figures
Hindustan Aeronautics Limited,2023,(EV/EBITDA Valuation) Intrinsic Value,1974.36,no,directly computed from reported figures
Hindustan Aeronautics Limited,2023,(XGBoost) Intrinsic Value,1664.98,no,directly computed from reported figures
Hindustan Aeronautics Limited,2023,(Random Forest) Intrinsic Value,1439.37,no,directly computed from reported figures
Hindustan Aeronautics Limited,2023,(LightGBM) Intrinsic Value,1502.2,no,directly computed from reported figures
Hindustan Aeronautics Limited,2022,Market Price,613.81,no,directly computed from reported figures
Hindustan Aeronautics Limited,2022,(DCF) Intrinsic Value,1826.09,YES,ebit=backcast_revenue from FY2023; da=backcast_revenue from FY2023; capex=backcast_revenue from FY2023; ocf=backcast_revenue from FY2023
Hindustan Aeronautics Limited,2022,(P/E Relative Valuation) Intrinsic Value,1433.17,YES,eps=derived (Net Income / Shares); net_income=backcast_revenue from FY2023
Hindustan Aeronautics Limited,2022,(EV/EBITDA Valuation) Intrinsic Value,1490.36,YES,ebitda=backcast_revenue from FY2023; ebit=backcast_revenue from FY2023; da=backcast_revenue from FY2023
Hindustan Aeronautics Limited,2022,(XGBoost) Intrinsic Value,963.13,no,directly computed from reported figures
Hindustan Aeronautics Limited,2022,(Random Forest) Intrinsic Value,1056.12,no,directly computed from reported figures
Hindustan Aeronautics Limited,2022,(LightGBM) Intrinsic Value,995.46,no,directly computed from reported figures
Hindustan Aeronautics Limited,2021,Market Price,415.93,no,directly computed from reported figures
Hindustan Aeronautics Limited,2021,(DCF) Intrinsic Value,1793.87,YES,ebit=backcast_revenue from FY2023; da=backcast_revenue from FY2023; capex=backcast_revenue from FY2023; ocf=backcast_revenue from FY2023
Hindustan Aeronautics Limited,2021,(P/E Relative Valuation) Intrinsic Value,2271.49,YES,eps=derived (Net Income / Shares); net_income=backcast_revenue from FY2023
Hindustan Aeronautics Limited,2021,(EV/EBITDA Valuation) Intrinsic Value,1589.54,YES,ebitda=backcast_revenue from FY2023; ebit=backcast_revenue from FY2023; da=backcast_revenue from FY2023
Hindustan Aeronautics Limited,2021,(XGBoost) Intrinsic Value,786.74,YES,leave-one-year-out fold (training included years after FY2021; not a forward-looking prediction)
Hindustan Aeronautics Limited,2021,(Random Forest) Intrinsic Value,597.83,YES,leave-one-year-out fold (training included years after FY2021; not a forward-looking prediction)
Hindustan Aeronautics Limited,2021,(LightGBM) Intrinsic Value,745.48,YES,leave-one-year-out fold (training included years after FY2021; not a forward-looking prediction)
Apollo Micro Systems Limited,2025,Market Price,109.46,no,directly computed from reported figures
Apollo Micro Systems Limited,2025,(P/E Relative Valuation) Intrinsic Value,64.8,no,directly computed from reported figures
Apollo Micro Systems Limited,2025,(EV/EBITDA Valuation) Intrinsic Value,76.68,no,directly computed from reported figures
Apollo Micro Systems Limited,2025,(XGBoost) Intrinsic Value,153.25,no,directly computed from reported figures
Apollo Micro Systems Limited,2025,(Random Forest) Intrinsic Value,192.89,no,directly computed from reported figures
Apollo Micro Systems Limited,2025,(LightGBM) Intrinsic Value,145.18,no,directly computed from reported figures
Apollo Micro Systems Limited,2024,Market Price,78.44,no,directly computed from reported figures
Apollo Micro Systems Limited,2024,(P/E Relative Valuation) Intrinsic Value,26.62,no,directly computed from reported figures
Apollo Micro Systems Limited,2024,(EV/EBITDA Valuation) Intrinsic Value,26.19,no,directly computed from reported figures
Apollo Micro Systems Limited,2024,(XGBoost) Intrinsic Value,135.03,no,directly computed from reported figures
Apollo Micro Systems Limited,2024,(Random Forest) Intrinsic Value,134.96,no,directly computed from reported figures
Apollo Micro Systems Limited,2024,(LightGBM) Intrinsic Value,150.15,no,directly computed from reported figures
Apollo Micro Systems Limited,2023,Market Price,20.63,no,directly computed from reported figures
Apollo Micro Systems Limited,2023,(P/E Relative Valuation) Intrinsic Value,12.7,no,directly computed from reported figures
Apollo Micro Systems Limited,2023,(EV/EBITDA Valuation) Intrinsic Value,17.79,no,directly computed from reported figures
Apollo Micro Systems Limited,2023,(XGBoost) Intrinsic Value,32.9,no,directly computed from reported figures
Apollo Micro Systems Limited,2023,(Random Forest) Intrinsic Value,34.86,no,directly computed from reported figures
Apollo Micro Systems Limited,2023,(LightGBM) Intrinsic Value,30.85,no,directly computed from reported figures
Apollo Micro Systems Limited,2022,Market Price,11.97,no,directly computed from reported figures
Apollo Micro Systems Limited,2022,(DCF) Intrinsic Value,2.77,YES,ebit=backcast_revenue from FY2023; da=backcast_revenue from FY2023; capex=backcast_revenue from FY2023; ocf=backcast_revenue from FY2023
Apollo Micro Systems Limited,2022,(P/E Relative Valuation) Intrinsic Value,5.5,YES,eps=derived (Net Income / Shares); net_income=backcast_revenue from FY2023
Apollo Micro Systems Limited,2022,(EV/EBITDA Valuation) Intrinsic Value,9.79,YES,ebitda=backcast_revenue from FY2023; ebit=backcast_revenue from FY2023; da=backcast_revenue from FY2023
Apollo Micro Systems Limited,2022,(XGBoost) Intrinsic Value,16.13,no,directly computed from reported figures
Apollo Micro Systems Limited,2022,(Random Forest) Intrinsic Value,23.68,no,directly computed from reported figures
Apollo Micro Systems Limited,2022,(LightGBM) Intrinsic Value,25.26,no,directly computed from reported figures
Apollo Micro Systems Limited,2021,Market Price,10.85,no,directly computed from reported figures
Apollo Micro Systems Limited,2021,(DCF) Intrinsic Value,1.37,YES,ebit=backcast_revenue from FY2023; da=backcast_revenue from FY2023; capex=backcast_revenue from FY2023; ocf=backcast_revenue from FY2023
Apollo Micro Systems Limited,2021,(P/E Relative Valuation) Intrinsic Value,4.02,YES,eps=derived (Net Income / Shares); net_income=backcast_revenue from FY2023
Apollo Micro Systems Limited,2021,(EV/EBITDA Valuation) Intrinsic Value,7.29,YES,ebitda=backcast_revenue from FY2023; ebit=backcast_revenue from FY2023; da=backcast_revenue from FY2023
Apollo Micro Systems Limited,2021,(XGBoost) Intrinsic Value,12.9,YES,leave-one-year-out fold (training included years after FY2021; not a forward-looking prediction)
Apollo Micro Systems Limited,2021,(Random Forest) Intrinsic Value,14.95,YES,leave-one-year-out fold (training included years after FY2021; not a forward-looking prediction)
Apollo Micro Systems Limited,2021,(LightGBM) Intrinsic Value,11.92,YES,leave-one-year-out fold (training included years after FY2021; not a forward-looking prediction)
Sigma Advanced Systems Limited,2025,Market Price,70.02,no,directly computed from reported figures
Sigma Advanced Systems Limited,2025,(DCF) Intrinsic Value,68.92,no,directly computed from reported figures
Sigma Advanced Systems Limited,2025,(P/E Relative Valuation) Intrinsic Value,6.09,YES,normalised EPS (median of 3 positive years)
Sigma Advanced Systems Limited,2025,(EV/EBITDA Valuation) Intrinsic Value,162.69,no,directly computed from reported figures
Sigma Advanced Systems Limited,2025,(XGBoost) Intrinsic Value,127.61,no,directly computed from reported figures
Sigma Advanced Systems Limited,2025,(Random Forest) Intrinsic Value,129.85,no,directly computed from reported figures
Sigma Advanced Systems Limited,2025,(LightGBM) Intrinsic Value,138.63,no,directly computed from reported figures
Sigma Advanced Systems Limited,2024,Market Price,49.33,no,directly computed from reported figures
Sigma Advanced Systems Limited,2024,(DCF) Intrinsic Value,16.5,no,directly computed from reported figures
Sigma Advanced Systems Limited,2024,(P/E Relative Valuation) Intrinsic Value,4.09,YES,normalised EPS (median of 3 positive years)
Sigma Advanced Systems Limited,2024,(EV/EBITDA Valuation) Intrinsic Value,34.39,no,directly computed from reported figures
Sigma Advanced Systems Limited,2024,(XGBoost) Intrinsic Value,72.26,no,directly computed from reported figures
Sigma Advanced Systems Limited,2024,(Random Forest) Intrinsic Value,78.89,no,directly computed from reported figures
Sigma Advanced Systems Limited,2024,(LightGBM) Intrinsic Value,87.47,no,directly computed from reported figures
Sigma Advanced Systems Limited,2023,Market Price,37.71,no,directly computed from reported figures
Sigma Advanced Systems Limited,2023,(DCF) Intrinsic Value,37.63,no,directly computed from reported figures
Sigma Advanced Systems Limited,2023,(P/E Relative Valuation) Intrinsic Value,24.9,no,directly computed from reported figures
Sigma Advanced Systems Limited,2023,(EV/EBITDA Valuation) Intrinsic Value,8.96,no,directly computed from reported figures
Sigma Advanced Systems Limited,2023,(XGBoost) Intrinsic Value,85.85,no,directly computed from reported figures
Sigma Advanced Systems Limited,2023,(Random Forest) Intrinsic Value,69.73,no,directly computed from reported figures
Sigma Advanced Systems Limited,2023,(LightGBM) Intrinsic Value,96.56,no,directly computed from reported figures
Sigma Advanced Systems Limited,2022,Market Price,29.19,no,directly computed from reported figures
Sigma Advanced Systems Limited,2022,(DCF) Intrinsic Value,2.65,YES,ebit=backcast_revenue from FY2023; da=backcast_revenue from FY2023; capex=backcast_revenue from FY2023; ocf=backcast_revenue from FY2023
Sigma Advanced Systems Limited,2022,(P/E Relative Valuation) Intrinsic Value,2.69,YES,eps=derived (Net Income / Shares); net_income=backcast_revenue from FY2023
Sigma Advanced Systems Limited,2022,(EV/EBITDA Valuation) Intrinsic Value,4.92,YES,ebitda=backcast_revenue from FY2023; ebit=backcast_revenue from FY2023; da=backcast_revenue from FY2023
Sigma Advanced Systems Limited,2022,(XGBoost) Intrinsic Value,103.22,no,directly computed from reported figures
Sigma Advanced Systems Limited,2022,(Random Forest) Intrinsic Value,64.02,no,directly computed from reported figures
Sigma Advanced Systems Limited,2022,(LightGBM) Intrinsic Value,103.29,no,directly computed from reported figures
Sigma Advanced Systems Limited,2021,Market Price,6.94,no,directly computed from reported figures
Sigma Advanced Systems Limited,2021,(DCF) Intrinsic Value,3.35,YES,ebit=backcast_revenue from FY2023; da=backcast_revenue from FY2023; capex=backcast_revenue from FY2023; ocf=backcast_revenue from FY2023
Sigma Advanced Systems Limited,2021,(P/E Relative Valuation) Intrinsic Value,2.49,YES,eps=derived (Net Income / Shares); net_income=backcast_revenue from FY2023
Sigma Advanced Systems Limited,2021,(EV/EBITDA Valuation) Intrinsic Value,4.53,YES,ebitda=backcast_revenue from FY2023; ebit=backcast_revenue from FY2023; da=backcast_revenue from FY2023
Sigma Advanced Systems Limited,2021,(XGBoost) Intrinsic Value,7.97,YES,leave-one-year-out fold (training included years after FY2021; not a forward-looking prediction)
Sigma Advanced Systems Limited,2021,(Random Forest) Intrinsic Value,8.99,YES,leave-one-year-out fold (training included years after FY2021; not a forward-looking prediction)
Sigma Advanced Systems Limited,2021,(LightGBM) Intrinsic Value,6.68,YES,leave-one-year-out fold (training included years after FY2021; not a forward-looking prediction)
JK Cement Limited,2025,Market Price,4395.72,no,directly computed from reported figures
JK Cement Limited,2025,(P/E Relative Valuation) Intrinsic Value,3016.55,YES,sector median including self (too few peers)
JK Cement Limited,2025,(EV/EBITDA Valuation) Intrinsic Value,3325.24,YES,sector median including self (too few peers)
JK Cement Limited,2025,(XGBoost) Intrinsic Value,5171.62,no,directly computed from reported figures
JK Cement Limited,2025,(Random Forest) Intrinsic Value,5646.98,no,directly computed from reported figures
JK Cement Limited,2025,(LightGBM) Intrinsic Value,4421.42,no,directly computed from reported figures
JK Cement Limited,2024,Market Price,3498.09,no,directly computed from reported figures
JK Cement Limited,2024,(DCF) Intrinsic Value,1813.13,no,directly computed from reported figures
JK Cement Limited,2024,(P/E Relative Valuation) Intrinsic Value,3277.98,YES,sector median including self (too few peers)
JK Cement Limited,2024,(EV/EBITDA Valuation) Intrinsic Value,4338.6,YES,sector median including self (too few peers)
JK Cement Limited,2024,(XGBoost) Intrinsic Value,4867.26,no,directly computed from reported figures
JK Cement Limited,2024,(Random Forest) Intrinsic Value,5059.48,no,directly computed from reported figures
JK Cement Limited,2024,(LightGBM) Intrinsic Value,4433.9,no,directly computed from reported figures
JK Cement Limited,2023,Market Price,2655.65,no,directly computed from reported figures
JK Cement Limited,2023,(P/E Relative Valuation) Intrinsic Value,2061.8,YES,sector median including self (too few peers)
JK Cement Limited,2023,(EV/EBITDA Valuation) Intrinsic Value,2669.43,YES,sector median including self (too few peers)
JK Cement Limited,2023,(XGBoost) Intrinsic Value,2157.63,no,directly computed from reported figures
JK Cement Limited,2023,(Random Forest) Intrinsic Value,2910.46,no,directly computed from reported figures
JK Cement Limited,2023,(LightGBM) Intrinsic Value,1803.44,no,directly computed from reported figures
JK Cement Limited,2022,Market Price,3107.4,no,directly computed from reported figures
JK Cement Limited,2022,(P/E Relative Valuation) Intrinsic Value,2151.0,YES,sector median including self (too few peers); eps=derived (Net Income / Shares); net_income=backcast_revenue from FY2023
JK Cement Limited,2022,(EV/EBITDA Valuation) Intrinsic Value,2828.24,YES,sector median including self (too few peers); ebitda=backcast_revenue from FY2023; ebit=backcast_revenue from FY2023; da=backcast_revenue from FY2023
JK Cement Limited,2022,(XGBoost) Intrinsic Value,5647.22,no,directly computed from reported figures
JK Cement Limited,2022,(Random Forest) Intrinsic Value,5597.52,no,directly computed from reported figures
JK Cement Limited,2022,(LightGBM) Intrinsic Value,4063.77,no,directly computed from reported figures
JK Cement Limited,2021,Market Price,1753.24,no,directly computed from reported figures
JK Cement Limited,2021,(P/E Relative Valuation) Intrinsic Value,1020.53,YES,sector median including self (too few peers); eps=derived (Net Income / Shares); net_income=backcast_revenue from FY2023
JK Cement Limited,2021,(EV/EBITDA Valuation) Intrinsic Value,1183.69,YES,sector median including self (too few peers); ebitda=backcast_revenue from FY2023; ebit=backcast_revenue from FY2023; da=backcast_revenue from FY2023
JK Cement Limited,2021,(XGBoost) Intrinsic Value,1861.48,YES,leave-one-year-out fold (training included years after FY2021; not a forward-looking prediction)
JK Cement Limited,2021,(Random Forest) Intrinsic Value,1896.28,YES,leave-one-year-out fold (training included years after FY2021; not a forward-looking prediction)
JK Cement Limited,2021,(LightGBM) Intrinsic Value,1803.1,YES,leave-one-year-out fold (training included years after FY2021; not a forward-looking prediction)
Godawari Power and Ispat Limited,2025,Market Price,193.07,no,directly computed from reported figures
Godawari Power and Ispat Limited,2025,(DCF) Intrinsic Value,98.31,no,directly computed from reported figures
Godawari Power and Ispat Limited,2025,(P/E Relative Valuation) Intrinsic Value,355.68,YES,sector median including self (too few peers)
Godawari Power and Ispat Limited,2025,(EV/EBITDA Valuation) Intrinsic Value,265.7,YES,sector median including self (too few peers)
Godawari Power and Ispat Limited,2025,(XGBoost) Intrinsic Value,240.27,no,directly computed from reported figures
Godawari Power and Ispat Limited,2025,(Random Forest) Intrinsic Value,249.24,no,directly computed from reported figures
Godawari Power and Ispat Limited,2025,(LightGBM) Intrinsic Value,224.0,no,directly computed from reported figures
Godawari Power and Ispat Limited,2024,Market Price,444.86,no,directly computed from reported figures
Godawari Power and Ispat Limited,2024,(DCF) Intrinsic Value,217.97,no,directly computed from reported figures
Godawari Power and Ispat Limited,2024,(P/E Relative Valuation) Intrinsic Value,476.89,YES,sector median including self (too few peers)
Godawari Power and Ispat Limited,2024,(EV/EBITDA Valuation) Intrinsic Value,380.82,YES,sector median including self (too few peers)
Godawari Power and Ispat Limited,2024,(XGBoost) Intrinsic Value,811.35,no,directly computed from reported figures
Godawari Power and Ispat Limited,2024,(Random Forest) Intrinsic Value,654.17,no,directly computed from reported figures
Godawari Power and Ispat Limited,2024,(LightGBM) Intrinsic Value,872.71,no,directly computed from reported figures
Godawari Power and Ispat Limited,2023,Market Price,327.54,no,directly computed from reported figures
Godawari Power and Ispat Limited,2023,(DCF) Intrinsic Value,136.05,no,directly computed from reported figures
Godawari Power and Ispat Limited,2023,(P/E Relative Valuation) Intrinsic Value,460.05,YES,sector median including self (too few peers)
Godawari Power and Ispat Limited,2023,(EV/EBITDA Valuation) Intrinsic Value,326.17,YES,sector median including self (too few peers)
Godawari Power and Ispat Limited,2023,(XGBoost) Intrinsic Value,354.48,no,directly computed from reported figures
Godawari Power and Ispat Limited,2023,(Random Forest) Intrinsic Value,409.2,no,directly computed from reported figures
Godawari Power and Ispat Limited,2023,(LightGBM) Intrinsic Value,366.08,no,directly computed from reported figures
Godawari Power and Ispat Limited,2022,Market Price,302.12,no,directly computed from reported figures
Godawari Power and Ispat Limited,2022,(DCF) Intrinsic Value,118.5,YES,ebit=backcast_revenue from FY2023; da=backcast_revenue from FY2023; capex=backcast_revenue from FY2023; ocf=backcast_revenue from FY2023
Godawari Power and Ispat Limited,2022,(P/E Relative Valuation) Intrinsic Value,544.0,YES,sector median including self (too few peers); eps=derived (Net Income / Shares); net_income=backcast_revenue from FY2023
Godawari Power and Ispat Limited,2022,(EV/EBITDA Valuation) Intrinsic Value,335.21,YES,sector median including self (too few peers); ebitda=backcast_revenue from FY2023; ebit=backcast_revenue from FY2023; da=backcast_revenue from FY2023
Godawari Power and Ispat Limited,2022,(XGBoost) Intrinsic Value,868.53,no,directly computed from reported figures
Godawari Power and Ispat Limited,2022,(Random Forest) Intrinsic Value,591.75,no,directly computed from reported figures
Godawari Power and Ispat Limited,2022,(LightGBM) Intrinsic Value,749.72,no,directly computed from reported figures
Godawari Power and Ispat Limited,2021,Market Price,82.75,no,directly computed from reported figures
Godawari Power and Ispat Limited,2021,(DCF) Intrinsic Value,158.28,YES,ebit=backcast_revenue from FY2023; da=backcast_revenue from FY2023; capex=backcast_revenue from FY2023; ocf=backcast_revenue from FY2023
Godawari Power and Ispat Limited,2021,(P/E Relative Valuation) Intrinsic Value,293.42,YES,sector median including self (too few peers); eps=derived (Net Income / Shares); net_income=backcast_revenue from FY2023
Godawari Power and Ispat Limited,2021,(EV/EBITDA Valuation) Intrinsic Value,159.49,YES,sector median including self (too few peers); ebitda=backcast_revenue from FY2023; ebit=backcast_revenue from FY2023; da=backcast_revenue from FY2023
Godawari Power and Ispat Limited,2021,(XGBoost) Intrinsic Value,83.11,YES,leave-one-year-out fold (training included years after FY2021; not a forward-looking prediction)
Godawari Power and Ispat Limited,2021,(Random Forest) Intrinsic Value,93.54,YES,leave-one-year-out fold (training included years after FY2021; not a forward-looking prediction)
Godawari Power and Ispat Limited,2021,(LightGBM) Intrinsic Value,85.13,YES,leave-one-year-out fold (training included years after FY2021; not a forward-looking prediction)
Taparia Tools Limited,2025,Market Price,8.09,no,directly computed from reported figures
Taparia Tools Limited,2025,(DCF) Intrinsic Value,1008.15,no,directly computed from reported figures
Taparia Tools Limited,2025,(P/E Relative Valuation) Intrinsic Value,2185.0,no,directly computed from reported figures
Taparia Tools Limited,2025,(EV/EBITDA Valuation) Intrinsic Value,1529.86,no,directly computed from reported figures
Taparia Tools Limited,2025,(XGBoost) Intrinsic Value,20.79,no,directly computed from reported figures
Taparia Tools Limited,2025,(Random Forest) Intrinsic Value,17.23,no,directly computed from reported figures
Taparia Tools Limited,2025,(LightGBM) Intrinsic Value,18.79,no,directly computed from reported figures
Taparia Tools Limited,2024,Market Price,2.59,no,directly computed from reported figures
Taparia Tools Limited,2024,(DCF) Intrinsic Value,2220.17,no,directly computed from reported figures
Taparia Tools Limited,2024,(P/E Relative Valuation) Intrinsic Value,2105.15,no,directly computed from reported figures
Taparia Tools Limited,2024,(EV/EBITDA Valuation) Intrinsic Value,1616.65,no,directly computed from reported figures
Taparia Tools Limited,2024,(XGBoost) Intrinsic Value,4.61,no,directly computed from reported figures
Taparia Tools Limited,2024,(Random Forest) Intrinsic Value,4.24,no,directly computed from reported figures
Taparia Tools Limited,2024,(LightGBM) Intrinsic Value,4.43,no,directly computed from reported figures
Taparia Tools Limited,2023,Market Price,2.33,no,directly computed from reported figures
Taparia Tools Limited,2023,(DCF) Intrinsic Value,1575.31,no,directly computed from reported figures
Taparia Tools Limited,2023,(P/E Relative Valuation) Intrinsic Value,1792.14,no,directly computed from reported figures
Taparia Tools Limited,2023,(EV/EBITDA Valuation) Intrinsic Value,1224.99,no,directly computed from reported figures
Taparia Tools Limited,2023,(XGBoost) Intrinsic Value,0.58,YES,prediction clipped from 0.21 to 0.25 (outside plausible band 0.25-4.0)
Taparia Tools Limited,2023,(Random Forest) Intrinsic Value,2.83,no,directly computed from reported figures
Taparia Tools Limited,2023,(LightGBM) Intrinsic Value,0.83,no,directly computed from reported figures
Taparia Tools Limited,2022,Market Price,17.18,no,directly computed from reported figures
Taparia Tools Limited,2022,(DCF) Intrinsic Value,731.92,YES,ebit=backcast_revenue from FY2023; da=backcast_revenue from FY2023; capex=backcast_revenue from FY2023; ocf=backcast_revenue from FY2023
Taparia Tools Limited,2022,(P/E Relative Valuation) Intrinsic Value,1874.69,YES,eps=derived (Net Income / Shares); net_income=backcast_revenue from FY2023
Taparia Tools Limited,2022,(EV/EBITDA Valuation) Intrinsic Value,1021.61,YES,ebitda=backcast_revenue from FY2023; ebit=backcast_revenue from FY2023; da=backcast_revenue from FY2023
Taparia Tools Limited,2022,(XGBoost) Intrinsic Value,19.65,no,directly computed from reported figures
Taparia Tools Limited,2022,(Random Forest) Intrinsic Value,31.42,no,directly computed from reported figures
Taparia Tools Limited,2022,(LightGBM) Intrinsic Value,26.18,no,directly computed from reported figures
Taparia Tools Limited,2021,Market Price,17.15,no,directly computed from reported figures
Taparia Tools Limited,2021,(DCF) Intrinsic Value,623.58,YES,ebit=backcast_revenue from FY2023; da=backcast_revenue from FY2023; capex=backcast_revenue from FY2023; ocf=backcast_revenue from FY2023
Taparia Tools Limited,2021,(P/E Relative Valuation) Intrinsic Value,891.88,YES,eps=derived (Net Income / Shares); net_income=backcast_revenue from FY2023
Taparia Tools Limited,2021,(EV/EBITDA Valuation) Intrinsic Value,428.74,YES,ebitda=backcast_revenue from FY2023; ebit=backcast_revenue from FY2023; da=backcast_revenue from FY2023
Taparia Tools Limited,2021,(XGBoost) Intrinsic Value,4.29,YES,leave-one-year-out fold (training included years after FY2021; not a forward-looking prediction); prediction clipped from 0.17 to 0.25 (outside plausible band 0.25-4.0)
Taparia Tools Limited,2021,(Random Forest) Intrinsic Value,22.03,YES,leave-one-year-out fold (training included years after FY2021; not a forward-looking prediction)
Taparia Tools Limited,2021,(LightGBM) Intrinsic Value,16.14,YES,leave-one-year-out fold (training included years after FY2021; not a forward-looking prediction)
Chennai Petroleum Corporation Limited,2025,Market Price,790.28,no,directly computed from reported figures
Chennai Petroleum Corporation Limited,2025,(DCF) Intrinsic Value,427.46,no,directly computed from reported figures
Chennai Petroleum Corporation Limited,2025,(P/E Relative Valuation) Intrinsic Value,145.5,no,directly computed from reported figures
Chennai Petroleum Corporation Limited,2025,(EV/EBITDA Valuation) Intrinsic Value,271.61,no,directly computed from reported figures
Chennai Petroleum Corporation Limited,2025,(XGBoost) Intrinsic Value,1317.02,no,directly computed from reported figures
Chennai Petroleum Corporation Limited,2025,(Random Forest) Intrinsic Value,1153.34,no,directly computed from reported figures
Chennai Petroleum Corporation Limited,2025,(LightGBM) Intrinsic Value,1740.96,no,directly computed from reported figures
Chennai Petroleum Corporation Limited,2024,Market Price,556.35,no,directly computed from reported figures
Chennai Petroleum Corporation Limited,2024,(DCF) Intrinsic Value,1924.72,no,directly computed from reported figures
Chennai Petroleum Corporation Limited,2024,(P/E Relative Valuation) Intrinsic Value,1761.8,no,directly computed from reported figures
Chennai Petroleum Corporation Limited,2024,(EV/EBITDA Valuation) Intrinsic Value,1279.08,no,directly computed from reported figures
Chennai Petroleum Corporation Limited,2024,(XGBoost) Intrinsic Value,964.38,no,directly computed from reported figures
Chennai Petroleum Corporation Limited,2024,(Random Forest) Intrinsic Value,801.58,no,directly computed from reported figures
Chennai Petroleum Corporation Limited,2024,(LightGBM) Intrinsic Value,1032.66,no,directly computed from reported figures
Chennai Petroleum Corporation Limited,2023,Market Price,250.25,no,directly computed from reported figures
Chennai Petroleum Corporation Limited,2023,(DCF) Intrinsic Value,6763.91,no,directly computed from reported figures
Chennai Petroleum Corporation Limited,2023,(P/E Relative Valuation) Intrinsic Value,2302.51,no,directly computed from reported figures
Chennai Petroleum Corporation Limited,2023,(EV/EBITDA Valuation) Intrinsic Value,1667.03,no,directly computed from reported figures
Chennai Petroleum Corporation Limited,2023,(XGBoost) Intrinsic Value,478.42,no,directly computed from reported figures
Chennai Petroleum Corporation Limited,2023,(Random Forest) Intrinsic Value,331.42,no,directly computed from reported figures
Chennai Petroleum Corporation Limited,2023,(LightGBM) Intrinsic Value,344.82,no,directly computed from reported figures
Chennai Petroleum Corporation Limited,2022,Market Price,117.02,no,directly computed from reported figures
Chennai Petroleum Corporation Limited,2022,(DCF) Intrinsic Value,3743.63,YES,ebit=backcast_revenue from FY2023; da=backcast_revenue from FY2023; capex=backcast_revenue from FY2023; ocf=backcast_revenue from FY2023
Chennai Petroleum Corporation Limited,2022,(P/E Relative Valuation) Intrinsic Value,2539.75,YES,eps=derived (Net Income / Shares); net_income=backcast_revenue from FY2023
Chennai Petroleum Corporation Limited,2022,(EV/EBITDA Valuation) Intrinsic Value,2543.39,YES,ebitda=backcast_revenue from FY2023; ebit=backcast_revenue from FY2023; da=backcast_revenue from FY2023
Chennai Petroleum Corporation Limited,2022,(XGBoost) Intrinsic Value,158.63,no,directly computed from reported figures
Chennai Petroleum Corporation Limited,2022,(Random Forest) Intrinsic Value,202.48,no,directly computed from reported figures
Chennai Petroleum Corporation Limited,2022,(LightGBM) Intrinsic Value,194.73,no,directly computed from reported figures
Chennai Petroleum Corporation Limited,2021,Market Price,83.34,no,directly computed from reported figures
Chennai Petroleum Corporation Limited,2021,(DCF) Intrinsic Value,5465.01,YES,ebit=backcast_revenue from FY2023; da=backcast_revenue from FY2023; capex=backcast_revenue from FY2023; ocf=backcast_revenue from FY2023
Chennai Petroleum Corporation Limited,2021,(P/E Relative Valuation) Intrinsic Value,1762.85,YES,eps=derived (Net Income / Shares); net_income=backcast_revenue from FY2023
Chennai Petroleum Corporation Limited,2021,(EV/EBITDA Valuation) Intrinsic Value,1812.12,YES,ebitda=backcast_revenue from FY2023; ebit=backcast_revenue from FY2023; da=backcast_revenue from FY2023
Chennai Petroleum Corporation Limited,2021,(XGBoost) Intrinsic Value,171.76,YES,leave-one-year-out fold (training included years after FY2021; not a forward-looking prediction)
Chennai Petroleum Corporation Limited,2021,(Random Forest) Intrinsic Value,142.79,YES,leave-one-year-out fold (training included years after FY2021; not a forward-looking prediction)
Chennai Petroleum Corporation Limited,2021,(LightGBM) Intrinsic Value,164.56,YES,leave-one-year-out fold (training included years after FY2021; not a forward-looking prediction)
Petronet LNG Limited,2025,Market Price,325.21,no,directly computed from reported figures
Petronet LNG Limited,2025,(DCF) Intrinsic Value,506.18,no,directly computed from reported figures
Petronet LNG Limited,2025,(P/E Relative Valuation) Intrinsic Value,267.93,no,directly computed from reported figures
Petronet LNG Limited,2025,(EV/EBITDA Valuation) Intrinsic Value,310.3,no,directly computed from reported figures
Petronet LNG Limited,2025,(XGBoost) Intrinsic Value,408.96,no,directly computed from reported figures
Petronet LNG Limited,2025,(Random Forest) Intrinsic Value,414.17,no,directly computed from reported figures
Petronet LNG Limited,2025,(LightGBM) Intrinsic Value,390.9,no,directly computed from reported figures
Petronet LNG Limited,2024,Market Price,232.72,no,directly computed from reported figures
Petronet LNG Limited,2024,(DCF) Intrinsic Value,727.61,no,directly computed from reported figures
Petronet LNG Limited,2024,(P/E Relative Valuation) Intrinsic Value,199.6,no,directly computed from reported figures
Petronet LNG Limited,2024,(EV/EBITDA Valuation) Intrinsic Value,198.39,no,directly computed from reported figures
Petronet LNG Limited,2024,(XGBoost) Intrinsic Value,290.57,no,directly computed from reported figures
Petronet LNG Limited,2024,(Random Forest) Intrinsic Value,283.29,no,directly computed from reported figures
Petronet LNG Limited,2024,(LightGBM) Intrinsic Value,299.49,no,directly computed from reported figures
Petronet LNG Limited,2023,Market Price,215.24,no,directly computed from reported figures
Petronet LNG Limited,2023,(DCF) Intrinsic Value,244.17,no,directly computed from reported figures
Petronet LNG Limited,2023,(P/E Relative Valuation) Intrinsic Value,178.51,no,directly computed from reported figures
Petronet LNG Limited,2023,(EV/EBITDA Valuation) Intrinsic Value,137.98,no,directly computed from reported figures
Petronet LNG Limited,2023,(XGBoost) Intrinsic Value,187.47,no,directly computed from reported figures
Petronet LNG Limited,2023,(Random Forest) Intrinsic Value,227.86,no,directly computed from reported figures
Petronet LNG Limited,2023,(LightGBM) Intrinsic Value,166.79,no,directly computed from reported figures
Petronet LNG Limited,2022,Market Price,224.51,no,directly computed from reported figures
Petronet LNG Limited,2022,(DCF) Intrinsic Value,458.86,YES,ebit=backcast_revenue from FY2023; da=backcast_revenue from FY2023; capex=backcast_revenue from FY2023; ocf=backcast_revenue from FY2023
Petronet LNG Limited,2022,(P/E Relative Valuation) Intrinsic Value,240.22,YES,eps=derived (Net Income / Shares); net_income=backcast_revenue from FY2023
Petronet LNG Limited,2022,(EV/EBITDA Valuation) Intrinsic Value,235.88,YES,ebitda=backcast_revenue from FY2023; ebit=backcast_revenue from FY2023; da=backcast_revenue from FY2023
Petronet LNG Limited,2022,(XGBoost) Intrinsic Value,208.13,no,directly computed from reported figures
Petronet LNG Limited,2022,(Random Forest) Intrinsic Value,335.9,no,directly computed from reported figures
Petronet LNG Limited,2022,(LightGBM) Intrinsic Value,217.93,no,directly computed from reported figures
Petronet LNG Limited,2021,Market Price,242.77,no,directly computed from reported figures
Petronet LNG Limited,2021,(DCF) Intrinsic Value,641.78,YES,ebit=backcast_revenue from FY2023; da=backcast_revenue from FY2023; capex=backcast_revenue from FY2023; ocf=backcast_revenue from FY2023
Petronet LNG Limited,2021,(P/E Relative Valuation) Intrinsic Value,141.06,YES,eps=derived (Net Income / Shares); net_income=backcast_revenue from FY2023
Petronet LNG Limited,2021,(EV/EBITDA Valuation) Intrinsic Value,142.15,YES,ebitda=backcast_revenue from FY2023; ebit=backcast_revenue from FY2023; da=backcast_revenue from FY2023
Petronet LNG Limited,2021,(XGBoost) Intrinsic Value,232.73,YES,leave-one-year-out fold (training included years after FY2021; not a forward-looking prediction)
Petronet LNG Limited,2021,(Random Forest) Intrinsic Value,272.23,YES,leave-one-year-out fold (training included years after FY2021; not a forward-looking prediction)
Petronet LNG Limited,2021,(LightGBM) Intrinsic Value,226.26,YES,leave-one-year-out fold (training included years after FY2021; not a forward-looking prediction)
NMDC Limited,2025,Market Price,75.28,no,directly computed from reported figures
NMDC Limited,2025,(DCF) Intrinsic Value,156.02,YES,normalised FCFF (median of 4 positive years; FY2025 reported negative)
NMDC Limited,2025,(P/E Relative Valuation) Intrinsic Value,91.37,no,directly computed from reported figures
NMDC Limited,2025,(EV/EBITDA Valuation) Intrinsic Value,79.21,no,directly computed from reported figures
NMDC Limited,2025,(XGBoost) Intrinsic Value,106.32,no,directly computed from reported figures
NMDC Limited,2025,(Random Forest) Intrinsic Value,112.77,no,directly computed from reported figures
NMDC Limited,2025,(LightGBM) Intrinsic Value,102.11,no,directly computed from reported figures
NMDC Limited,2024,Market Price,51.97,no,directly computed from reported figures
NMDC Limited,2024,(DCF) Intrinsic Value,243.29,no,directly computed from reported figures
NMDC Limited,2024,(P/E Relative Valuation) Intrinsic Value,60.59,no,directly computed from reported figures
NMDC Limited,2024,(EV/EBITDA Valuation) Intrinsic Value,55.96,no,directly computed from reported figures
NMDC Limited,2024,(XGBoost) Intrinsic Value,81.18,no,directly computed from reported figures
NMDC Limited,2024,(Random Forest) Intrinsic Value,74.45,no,directly computed from reported figures
NMDC Limited,2024,(LightGBM) Intrinsic Value,75.95,no,directly computed from reported figures
NMDC Limited,2023,Market Price,35.52,no,directly computed from reported figures
NMDC Limited,2023,(DCF) Intrinsic Value,26.66,no,directly computed from reported figures
NMDC Limited,2023,(P/E Relative Valuation) Intrinsic Value,64.45,no,directly computed from reported figures
NMDC Limited,2023,(EV/EBITDA Valuation) Intrinsic Value,52.19,no,directly computed from reported figures
NMDC Limited,2023,(XGBoost) Intrinsic Value,39.58,no,directly computed from reported figures
NMDC Limited,2023,(Random Forest) Intrinsic Value,55.22,no,directly computed from reported figures
NMDC Limited,2023,(LightGBM) Intrinsic Value,37.0,no,directly computed from reported figures
NMDC Limited,2022,Market Price,39.76,no,directly computed from reported figures
NMDC Limited,2022,(DCF) Intrinsic Value,143.04,YES,ebit=backcast_revenue from FY2023; da=backcast_revenue from FY2023; capex=backcast_revenue from FY2023; ocf=backcast_revenue from FY2023
NMDC Limited,2022,(P/E Relative Valuation) Intrinsic Value,61.1,YES,eps=derived (Net Income / Shares); net_income=backcast_revenue from FY2023
NMDC Limited,2022,(EV/EBITDA Valuation) Intrinsic Value,51.39,YES,ebitda=backcast_revenue from FY2023; ebit=backcast_revenue from FY2023; da=backcast_revenue from FY2023
NMDC Limited,2022,(XGBoost) Intrinsic Value,66.1,no,directly computed from reported figures
NMDC Limited,2022,(Random Forest) Intrinsic Value,70.01,no,directly computed from reported figures
NMDC Limited,2022,(LightGBM) Intrinsic Value,74.52,no,directly computed from reported figures
NMDC Limited,2021,Market Price,24.76,no,directly computed from reported figures
NMDC Limited,2021,(DCF) Intrinsic Value,87.35,YES,ebit=backcast_revenue from FY2023; da=backcast_revenue from FY2023; capex=backcast_revenue from FY2023; ocf=backcast_revenue from FY2023
NMDC Limited,2021,(P/E Relative Valuation) Intrinsic Value,35.83,YES,eps=derived (Net Income / Shares); net_income=backcast_revenue from FY2023
NMDC Limited,2021,(EV/EBITDA Valuation) Intrinsic Value,30.76,YES,ebitda=backcast_revenue from FY2023; ebit=backcast_revenue from FY2023; da=backcast_revenue from FY2023
NMDC Limited,2021,(XGBoost) Intrinsic Value,29.3,YES,leave-one-year-out fold (training included years after FY2021; not a forward-looking prediction)
NMDC Limited,2021,(Random Forest) Intrinsic Value,31.0,YES,leave-one-year-out fold (training included years after FY2021; not a forward-looking prediction)
NMDC Limited,2021,(LightGBM) Intrinsic Value,26.82,YES,leave-one-year-out fold (training included years after FY2021; not a forward-looking prediction)
National Aluminium Company Limited,2025,Market Price,198.18,no,directly computed from reported figures
National Aluminium Company Limited,2025,(DCF) Intrinsic Value,813.75,no,directly computed from reported figures
National Aluminium Company Limited,2025,(P/E Relative Valuation) Intrinsic Value,352.23,no,directly computed from reported figures
National Aluminium Company Limited,2025,(EV/EBITDA Valuation) Intrinsic Value,311.92,no,directly computed from reported figures
National Aluminium Company Limited,2025,(XGBoost) Intrinsic Value,306.96,no,directly computed from reported figures
National Aluminium Company Limited,2025,(Random Forest) Intrinsic Value,352.27,no,directly computed from reported figures
National Aluminium Company Limited,2025,(LightGBM) Intrinsic Value,336.56,no,directly computed from reported figures
National Aluminium Company Limited,2024,Market Price,104.96,no,directly computed from reported figures
National Aluminium Company Limited,2024,(DCF) Intrinsic Value,192.96,no,directly computed from reported figures
National Aluminium Company Limited,2024,(P/E Relative Valuation) Intrinsic Value,88.77,no,directly computed from reported figures
National Aluminium Company Limited,2024,(EV/EBITDA Valuation) Intrinsic Value,97.06,no,directly computed from reported figures
National Aluminium Company Limited,2024,(XGBoost) Intrinsic Value,276.67,no,directly computed from reported figures
National Aluminium Company Limited,2024,(Random Forest) Intrinsic Value,179.42,no,directly computed from reported figures
National Aluminium Company Limited,2024,(LightGBM) Intrinsic Value,237.76,no,directly computed from reported figures
National Aluminium Company Limited,2023,Market Price,82.21,no,directly computed from reported figures
National Aluminium Company Limited,2023,(DCF) Intrinsic Value,67.19,YES,normalised FCFF (median of 2 positive years; FY2023 reported negative)
National Aluminium Company Limited,2023,(P/E Relative Valuation) Intrinsic Value,59.69,no,directly computed from reported figures
National Aluminium Company Limited,2023,(EV/EBITDA Valuation) Intrinsic Value,56.82,no,directly computed from reported figures
National Aluminium Company Limited,2023,(XGBoost) Intrinsic Value,92.63,no,directly computed from reported figures
National Aluminium Company Limited,2023,(Random Forest) Intrinsic Value,104.35,no,directly computed from reported figures
National Aluminium Company Limited,2023,(LightGBM) Intrinsic Value,97.48,no,directly computed from reported figures
National Aluminium Company Limited,2022,Market Price,92.9,no,directly computed from reported figures
National Aluminium Company Limited,2022,(DCF) Intrinsic Value,57.96,YES,ebit=backcast_revenue from FY2023; da=backcast_revenue from FY2023; capex=backcast_revenue from FY2023; ocf=backcast_revenue from FY2023
National Aluminium Company Limited,2022,(P/E Relative Valuation) Intrinsic Value,60.07,YES,eps=derived (Net Income / Shares); net_income=backcast_revenue from FY2023
National Aluminium Company Limited,2022,(EV/EBITDA Valuation) Intrinsic Value,70.06,YES,ebitda=backcast_revenue from FY2023; ebit=backcast_revenue from FY2023; da=backcast_revenue from FY2023
National Aluminium Company Limited,2022,(XGBoost) Intrinsic Value,217.06,no,directly computed from reported figures
National Aluminium Company Limited,2022,(Random Forest) Intrinsic Value,176.37,no,directly computed from reported figures
National Aluminium Company Limited,2022,(LightGBM) Intrinsic Value,219.14,no,directly computed from reported figures
National Aluminium Company Limited,2021,Market Price,38.2,no,directly computed from reported figures
National Aluminium Company Limited,2021,(DCF) Intrinsic Value,52.48,YES,ebit=backcast_revenue from FY2023; da=backcast_revenue from FY2023; capex=backcast_revenue from FY2023; ocf=backcast_revenue from FY2023
National Aluminium Company Limited,2021,(P/E Relative Valuation) Intrinsic Value,48.94,YES,eps=derived (Net Income / Shares); net_income=backcast_revenue from FY2023
National Aluminium Company Limited,2021,(EV/EBITDA Valuation) Intrinsic Value,56.56,YES,ebitda=backcast_revenue from FY2023; ebit=backcast_revenue from FY2023; da=backcast_revenue from FY2023
National Aluminium Company Limited,2021,(XGBoost) Intrinsic Value,47.18,YES,leave-one-year-out fold (training included years after FY2021; not a forward-looking prediction)
National Aluminium Company Limited,2021,(Random Forest) Intrinsic Value,47.69,YES,leave-one-year-out fold (training included years after FY2021; not a forward-looking prediction)
National Aluminium Company Limited,2021,(LightGBM) Intrinsic Value,33.69,YES,leave-one-year-out fold (training included years after FY2021; not a forward-looking prediction)
Sun Pharmaceutical Industries Limited,2025,Market Price,1707.11,no,directly computed from reported figures
Sun Pharmaceutical Industries Limited,2025,(DCF) Intrinsic Value,2963.99,no,directly computed from reported figures
Sun Pharmaceutical Industries Limited,2025,(P/E Relative Valuation) Intrinsic Value,1698.1,no,directly computed from reported figures
Sun Pharmaceutical Industries Limited,2025,(EV/EBITDA Valuation) Intrinsic Value,1260.27,no,directly computed from reported figures
Sun Pharmaceutical Industries Limited,2025,(XGBoost) Intrinsic Value,2436.24,no,directly computed from reported figures
Sun Pharmaceutical Industries Limited,2025,(Random Forest) Intrinsic Value,2423.09,no,directly computed from reported figures
Sun Pharmaceutical Industries Limited,2025,(LightGBM) Intrinsic Value,2501.25,no,directly computed from reported figures
Sun Pharmaceutical Industries Limited,2024,Market Price,1187.32,no,directly computed from reported figures
Sun Pharmaceutical Industries Limited,2024,(DCF) Intrinsic Value,3229.42,no,directly computed from reported figures
Sun Pharmaceutical Industries Limited,2024,(P/E Relative Valuation) Intrinsic Value,1578.96,no,directly computed from reported figures
Sun Pharmaceutical Industries Limited,2024,(EV/EBITDA Valuation) Intrinsic Value,1023.33,no,directly computed from reported figures
Sun Pharmaceutical Industries Limited,2024,(XGBoost) Intrinsic Value,1587.04,no,directly computed from reported figures
Sun Pharmaceutical Industries Limited,2024,(Random Forest) Intrinsic Value,1591.17,no,directly computed from reported figures
Sun Pharmaceutical Industries Limited,2024,(LightGBM) Intrinsic Value,1637.88,no,directly computed from reported figures
Sun Pharmaceutical Industries Limited,2023,Market Price,941.64,no,directly computed from reported figures
Sun Pharmaceutical Industries Limited,2023,(DCF) Intrinsic Value,524.22,no,directly computed from reported figures
Sun Pharmaceutical Industries Limited,2023,(P/E Relative Valuation) Intrinsic Value,1843.81,no,directly computed from reported figures
Sun Pharmaceutical Industries Limited,2023,(EV/EBITDA Valuation) Intrinsic Value,970.2,no,directly computed from reported figures
Sun Pharmaceutical Industries Limited,2023,(XGBoost) Intrinsic Value,1073.6,no,directly computed from reported figures
Sun Pharmaceutical Industries Limited,2023,(Random Forest) Intrinsic Value,1091.3,no,directly computed from reported figures
Sun Pharmaceutical Industries Limited,2023,(LightGBM) Intrinsic Value,964.61,no,directly computed from reported figures
Sun Pharmaceutical Industries Limited,2022,Market Price,767.99,no,directly computed from reported figures
Sun Pharmaceutical Industries Limited,2022,(DCF) Intrinsic Value,1367.83,YES,ebit=backcast_revenue from FY2023; da=backcast_revenue from FY2023; capex=backcast_revenue from FY2023; ocf=backcast_revenue from FY2023
Sun Pharmaceutical Industries Limited,2022,(P/E Relative Valuation) Intrinsic Value,1468.73,YES,eps=derived (Net Income / Shares); net_income=backcast_revenue from FY2023
Sun Pharmaceutical Industries Limited,2022,(EV/EBITDA Valuation) Intrinsic Value,1008.28,YES,ebitda=backcast_revenue from FY2023; ebit=backcast_revenue from FY2023; da=backcast_revenue from FY2023
Sun Pharmaceutical Industries Limited,2022,(XGBoost) Intrinsic Value,1149.61,no,directly computed from reported figures
Sun Pharmaceutical Industries Limited,2022,(Random Forest) Intrinsic Value,1273.32,no,directly computed from reported figures
Sun Pharmaceutical Industries Limited,2022,(LightGBM) Intrinsic Value,1134.84,no,directly computed from reported figures
Sun Pharmaceutical Industries Limited,2021,Market Price,525.99,no,directly computed from reported figures
Sun Pharmaceutical Industries Limited,2021,(DCF) Intrinsic Value,1159.88,YES,ebit=backcast_revenue from FY2023; da=backcast_revenue from FY2023; capex=backcast_revenue from FY2023; ocf=backcast_revenue from FY2023
Sun Pharmaceutical Industries Limited,2021,(P/E Relative Valuation) Intrinsic Value,1040.37,YES,eps=derived (Net Income / Shares); net_income=backcast_revenue from FY2023
Sun Pharmaceutical Industries Limited,2021,(EV/EBITDA Valuation) Intrinsic Value,511.08,YES,ebitda=backcast_revenue from FY2023; ebit=backcast_revenue from FY2023; da=backcast_revenue from FY2023
Sun Pharmaceutical Industries Limited,2021,(XGBoost) Intrinsic Value,605.44,YES,leave-one-year-out fold (training included years after FY2021; not a forward-looking prediction)
Sun Pharmaceutical Industries Limited,2021,(Random Forest) Intrinsic Value,634.51,YES,leave-one-year-out fold (training included years after FY2021; not a forward-looking prediction)
Sun Pharmaceutical Industries Limited,2021,(LightGBM) Intrinsic Value,668.02,YES,leave-one-year-out fold (training included years after FY2021; not a forward-looking prediction)
Lupin Limited,2025,Market Price,1969.14,no,directly computed from reported figures
Lupin Limited,2025,(DCF) Intrinsic Value,2100.72,no,directly computed from reported figures
Lupin Limited,2025,(P/E Relative Valuation) Intrinsic Value,2726.33,no,directly computed from reported figures
Lupin Limited,2025,(EV/EBITDA Valuation) Intrinsic Value,2121.61,no,directly computed from reported figures
Lupin Limited,2025,(XGBoost) Intrinsic Value,3087.17,no,directly computed from reported figures
Lupin Limited,2025,(Random Forest) Intrinsic Value,2967.76,no,directly computed from reported figures
Lupin Limited,2025,(LightGBM) Intrinsic Value,3023.6,no,directly computed from reported figures
Lupin Limited,2024,Market Price,1140.06,no,directly computed from reported figures
Lupin Limited,2024,(DCF) Intrinsic Value,3097.47,no,directly computed from reported figures
Lupin Limited,2024,(P/E Relative Valuation) Intrinsic Value,1709.86,no,directly computed from reported figures
Lupin Limited,2024,(EV/EBITDA Valuation) Intrinsic Value,1503.37,no,directly computed from reported figures
Lupin Limited,2024,(XGBoost) Intrinsic Value,1523.23,no,directly computed from reported figures
Lupin Limited,2024,(Random Forest) Intrinsic Value,1617.41,no,directly computed from reported figures
Lupin Limited,2024,(LightGBM) Intrinsic Value,1416.96,no,directly computed from reported figures
Lupin Limited,2023,Market Price,690.87,no,directly computed from reported figures
Lupin Limited,2023,(DCF) Intrinsic Value,398.8,no,directly computed from reported figures
Lupin Limited,2023,(P/E Relative Valuation) Intrinsic Value,364.72,no,directly computed from reported figures
Lupin Limited,2023,(EV/EBITDA Valuation) Intrinsic Value,668.02,no,directly computed from reported figures
Lupin Limited,2023,(XGBoost) Intrinsic Value,595.34,no,directly computed from reported figures
Lupin Limited,2023,(Random Forest) Intrinsic Value,839.34,no,directly computed from reported figures
Lupin Limited,2023,(LightGBM) Intrinsic Value,570.72,no,directly computed from reported figures
Lupin Limited,2022,Market Price,982.61,no,directly computed from reported figures
Lupin Limited,2022,(DCF) Intrinsic Value,103.73,YES,ebit=backcast_revenue from FY2023; da=backcast_revenue from FY2023; capex=backcast_revenue from FY2023; ocf=backcast_revenue from FY2023
Lupin Limited,2022,(P/E Relative Valuation) Intrinsic Value,292.57,YES,eps=derived (Net Income / Shares); net_income=backcast_revenue from FY2023
Lupin Limited,2022,(EV/EBITDA Valuation) Intrinsic Value,574.07,YES,ebitda=backcast_revenue from FY2023; ebit=backcast_revenue from FY2023; da=backcast_revenue from FY2023
Lupin Limited,2022,(XGBoost) Intrinsic Value,1076.12,no,directly computed from reported figures
Lupin Limited,2022,(Random Forest) Intrinsic Value,1714.58,no,directly computed from reported figures
Lupin Limited,2022,(LightGBM) Intrinsic Value,1468.5,no,directly computed from reported figures
Lupin Limited,2021,Market Price,948.88,no,directly computed from reported figures
Lupin Limited,2021,(DCF) Intrinsic Value,61.15,YES,ebit=backcast_revenue from FY2023; da=backcast_revenue from FY2023; capex=backcast_revenue from FY2023; ocf=backcast_revenue from FY2023
Lupin Limited,2021,(P/E Relative Valuation) Intrinsic Value,149.56,YES,eps=derived (Net Income / Shares); net_income=backcast_revenue from FY2023
Lupin Limited,2021,(EV/EBITDA Valuation) Intrinsic Value,358.7,YES,ebitda=backcast_revenue from FY2023; ebit=backcast_revenue from FY2023; da=backcast_revenue from FY2023
Lupin Limited,2021,(XGBoost) Intrinsic Value,889.14,YES,leave-one-year-out fold (training included years after FY2021; not a forward-looking prediction)
Lupin Limited,2021,(Random Forest) Intrinsic Value,1004.45,YES,leave-one-year-out fold (training included years after FY2021; not a forward-looking prediction)
Lupin Limited,2021,(LightGBM) Intrinsic Value,861.6,YES,leave-one-year-out fold (training included years after FY2021; not a forward-looking prediction)
Glenmark Pharmaceuticals Limited,2025,Market Price,1433.26,no,directly computed from reported figures
Glenmark Pharmaceuticals Limited,2025,(DCF) Intrinsic Value,471.32,YES,normalised FCFF (median of 2 positive years; FY2025 reported negative)
Glenmark Pharmaceuticals Limited,2025,(P/E Relative Valuation) Intrinsic Value,1359.95,no,directly computed from reported figures
Glenmark Pharmaceuticals Limited,2025,(EV/EBITDA Valuation) Intrinsic Value,1219.01,no,directly computed from reported figures
Glenmark Pharmaceuticals Limited,2025,(XGBoost) Intrinsic Value,1670.26,no,directly computed from reported figures
Glenmark Pharmaceuticals Limited,2025,(Random Forest) Intrinsic Value,2185.66,no,directly computed from reported figures
Glenmark Pharmaceuticals Limited,2025,(LightGBM) Intrinsic Value,2180.43,no,directly computed from reported figures
Glenmark Pharmaceuticals Limited,2024,Market Price,760.48,no,directly computed from reported figures
Glenmark Pharmaceuticals Limited,2024,(DCF) Intrinsic Value,527.79,YES,normalised FCFF (median of 2 positive years; FY2024 reported negative)
Glenmark Pharmaceuticals Limited,2024,(P/E Relative Valuation) Intrinsic Value,292.27,YES,normalised EPS (median of 3 positive years)
Glenmark Pharmaceuticals Limited,2024,(EV/EBITDA Valuation) Intrinsic Value,708.68,no,directly computed from reported figures
Glenmark Pharmaceuticals Limited,2024,(XGBoost) Intrinsic Value,838.62,no,directly computed from reported figures
Glenmark Pharmaceuticals Limited,2024,(Random Forest) Intrinsic Value,945.48,no,directly computed from reported figures
Glenmark Pharmaceuticals Limited,2024,(LightGBM) Intrinsic Value,650.4,no,directly computed from reported figures
Glenmark Pharmaceuticals Limited,2023,Market Price,408.13,no,directly computed from reported figures
Glenmark Pharmaceuticals Limited,2023,(DCF) Intrinsic Value,580.68,YES,normalised FCFF (median of 2 positive years; FY2023 reported negative)
Glenmark Pharmaceuticals Limited,2023,(P/E Relative Valuation) Intrinsic Value,550.01,no,directly computed from reported figures
Glenmark Pharmaceuticals Limited,2023,(EV/EBITDA Valuation) Intrinsic Value,665.85,no,directly computed from reported figures
Glenmark Pharmaceuticals Limited,2023,(XGBoost) Intrinsic Value,286.42,no,directly computed from reported figures
Glenmark Pharmaceuticals Limited,2023,(Random Forest) Intrinsic Value,419.27,no,directly computed from reported figures
Glenmark Pharmaceuticals Limited,2023,(LightGBM) Intrinsic Value,258.51,no,directly computed from reported figures
Glenmark Pharmaceuticals Limited,2022,Market Price,539.02,no,directly computed from reported figures
Glenmark Pharmaceuticals Limited,2022,(DCF) Intrinsic Value,498.37,YES,ebit=backcast_revenue from FY2023; da=backcast_revenue from FY2023; capex=backcast_revenue from FY2023; ocf=backcast_revenue from FY2023
Glenmark Pharmaceuticals Limited,2022,(P/E Relative Valuation) Intrinsic Value,295.5,YES,eps=derived (Net Income / Shares); net_income=backcast_revenue from FY2023
Glenmark Pharmaceuticals Limited,2022,(EV/EBITDA Valuation) Intrinsic Value,868.63,YES,ebitda=backcast_revenue from FY2023; ebit=backcast_revenue from FY2023; da=backcast_revenue from FY2023
Glenmark Pharmaceuticals Limited,2022,(XGBoost) Intrinsic Value,586.07,no,directly computed from reported figures
Glenmark Pharmaceuticals Limited,2022,(Random Forest) Intrinsic Value,902.93,no,directly computed from reported figures
Glenmark Pharmaceuticals Limited,2022,(LightGBM) Intrinsic Value,651.04,no,directly computed from reported figures
Glenmark Pharmaceuticals Limited,2021,Market Price,450.25,no,directly computed from reported figures
Glenmark Pharmaceuticals Limited,2021,(DCF) Intrinsic Value,480.6,YES,ebit=backcast_revenue from FY2023; da=backcast_revenue from FY2023; capex=backcast_revenue from FY2023; ocf=backcast_revenue from FY2023
Glenmark Pharmaceuticals Limited,2021,(P/E Relative Valuation) Intrinsic Value,181.33,YES,eps=derived (Net Income / Shares); net_income=backcast_revenue from FY2023
Glenmark Pharmaceuticals Limited,2021,(EV/EBITDA Valuation) Intrinsic Value,463.38,YES,ebitda=backcast_revenue from FY2023; ebit=backcast_revenue from FY2023; da=backcast_revenue from FY2023
Glenmark Pharmaceuticals Limited,2021,(XGBoost) Intrinsic Value,437.18,YES,leave-one-year-out fold (training included years after FY2021; not a forward-looking prediction)
Glenmark Pharmaceuticals Limited,2021,(Random Forest) Intrinsic Value,506.48,YES,leave-one-year-out fold (training included years after FY2021; not a forward-looking prediction)
Glenmark Pharmaceuticals Limited,2021,(LightGBM) Intrinsic Value,469.85,YES,leave-one-year-out fold (training included years after FY2021; not a forward-looking prediction)
Emcure Pharmaceuticals Limited,2025,Market Price,1306.23,no,directly computed from reported figures
Emcure Pharmaceuticals Limited,2025,(DCF) Intrinsic Value,216.34,no,directly computed from reported figures
Emcure Pharmaceuticals Limited,2025,(P/E Relative Valuation) Intrinsic Value,1385.41,no,directly computed from reported figures
Emcure Pharmaceuticals Limited,2025,(EV/EBITDA Valuation) Intrinsic Value,1436.62,no,directly computed from reported figures
Emcure Pharmaceuticals Limited,2025,(XGBoost) Intrinsic Value,1958.17,no,directly computed from reported figures
Emcure Pharmaceuticals Limited,2025,(Random Forest) Intrinsic Value,2048.3,no,directly computed from reported figures
Emcure Pharmaceuticals Limited,2025,(LightGBM) Intrinsic Value,2061.27,no,directly computed from reported figures
Emcure Pharmaceuticals Limited,2024,(DCF) Intrinsic Value,3459.73,no,directly computed from reported figures
Emcure Pharmaceuticals Limited,2024,(P/E Relative Valuation) Intrinsic Value,820.31,no,directly computed from reported figures
Emcure Pharmaceuticals Limited,2024,(EV/EBITDA Valuation) Intrinsic Value,1022.27,no,directly computed from reported figures
Emcure Pharmaceuticals Limited,2023,(DCF) Intrinsic Value,491.38,no,directly computed from reported figures
Emcure Pharmaceuticals Limited,2023,(P/E Relative Valuation) Intrinsic Value,1338.8,no,directly computed from reported figures
Emcure Pharmaceuticals Limited,2023,(EV/EBITDA Valuation) Intrinsic Value,1018.77,no,directly computed from reported figures
Emcure Pharmaceuticals Limited,2022,(DCF) Intrinsic Value,519.42,YES,ebit=backcast_revenue from FY2023; da=backcast_revenue from FY2023; capex=backcast_revenue from FY2023; ocf=backcast_revenue from FY2023
Emcure Pharmaceuticals Limited,2022,(P/E Relative Valuation) Intrinsic Value,883.07,YES,eps=derived (Net Income / Shares); net_income=backcast_revenue from FY2023
Emcure Pharmaceuticals Limited,2022,(EV/EBITDA Valuation) Intrinsic Value,1031.69,YES,ebitda=backcast_revenue from FY2023; ebit=backcast_revenue from FY2023; da=backcast_revenue from FY2023
Emcure Pharmaceuticals Limited,2021,(DCF) Intrinsic Value,335.22,YES,ebit=backcast_revenue from FY2023; da=backcast_revenue from FY2023; capex=backcast_revenue from FY2023; ocf=backcast_revenue from FY2023
Emcure Pharmaceuticals Limited,2021,(P/E Relative Valuation) Intrinsic Value,456.92,YES,eps=derived (Net Income / Shares); net_income=backcast_revenue from FY2023
Emcure Pharmaceuticals Limited,2021,(EV/EBITDA Valuation) Intrinsic Value,572.47,YES,ebitda=backcast_revenue from FY2023; ebit=backcast_revenue from FY2023; da=backcast_revenue from FY2023
Hikal Limited,2025,Market Price,351.11,no,directly computed from reported figures
Hikal Limited,2025,(DCF) Intrinsic Value,112.01,no,directly computed from reported figures
Hikal Limited,2025,(P/E Relative Valuation) Intrinsic Value,269.72,no,directly computed from reported figures
Hikal Limited,2025,(EV/EBITDA Valuation) Intrinsic Value,439.99,no,directly computed from reported figures
Hikal Limited,2025,(XGBoost) Intrinsic Value,471.41,no,directly computed from reported figures
Hikal Limited,2025,(Random Forest) Intrinsic Value,550.57,no,directly computed from reported figures
Hikal Limited,2025,(LightGBM) Intrinsic Value,448.06,no,directly computed from reported figures
Hikal Limited,2024,Market Price,292.81,no,directly computed from reported figures
Hikal Limited,2024,(P/E Relative Valuation) Intrinsic Value,160.7,no,directly computed from reported figures
Hikal Limited,2024,(EV/EBITDA Valuation) Intrinsic Value,319.5,no,directly computed from reported figures
Hikal Limited,2024,(XGBoost) Intrinsic Value,313.03,no,directly computed from reported figures
Hikal Limited,2024,(Random Forest) Intrinsic Value,387.16,no,directly computed from reported figures
Hikal Limited,2024,(LightGBM) Intrinsic Value,342.7,no,directly computed from reported figures
Hikal Limited,2023,Market Price,332.2,no,directly computed from reported figures
Hikal Limited,2023,(P/E Relative Valuation) Intrinsic Value,246.5,no,directly computed from reported figures
Hikal Limited,2023,(EV/EBITDA Valuation) Intrinsic Value,313.19,no,directly computed from reported figures
Hikal Limited,2023,(XGBoost) Intrinsic Value,371.08,no,directly computed from reported figures
Hikal Limited,2023,(Random Forest) Intrinsic Value,409.98,no,directly computed from reported figures
Hikal Limited,2023,(LightGBM) Intrinsic Value,368.57,no,directly computed from reported figures
Hikal Limited,2022,Market Price,472.98,no,directly computed from reported figures
Hikal Limited,2022,(P/E Relative Valuation) Intrinsic Value,512.51,YES,net_income=backcast_revenue from FY2023
Hikal Limited,2022,(EV/EBITDA Valuation) Intrinsic Value,360.26,YES,ebitda=backcast_revenue from FY2023; ebit=backcast_revenue from FY2023; da=backcast_revenue from FY2023
Hikal Limited,2022,(XGBoost) Intrinsic Value,1396.89,no,directly computed from reported figures
Hikal Limited,2022,(Random Forest) Intrinsic Value,957.2,no,directly computed from reported figures
Hikal Limited,2022,(LightGBM) Intrinsic Value,1126.24,no,directly computed from reported figures
Hikal Limited,2021,Market Price,149.92,no,directly computed from reported figures
Hikal Limited,2021,(P/E Relative Valuation) Intrinsic Value,231.82,YES,eps=derived (Net Income / Shares); net_income=backcast_revenue from FY2023
Hikal Limited,2021,(EV/EBITDA Valuation) Intrinsic Value,282.15,YES,ebitda=backcast_revenue from FY2023; ebit=backcast_revenue from FY2023; da=backcast_revenue from FY2023
Hikal Limited,2021,(XGBoost) Intrinsic Value,93.71,YES,leave-one-year-out fold (training included years after FY2021; not a forward-looking prediction)
Hikal Limited,2021,(Random Forest) Intrinsic Value,158.27,YES,leave-one-year-out fold (training included years after FY2021; not a forward-looking prediction)
Hikal Limited,2021,(LightGBM) Intrinsic Value,103.04,YES,leave-one-year-out fold (training included years after FY2021; not a forward-looking prediction)
Mahindra and Mahindra Limited,2025,Market Price,2775.29,no,directly computed from reported figures
Mahindra and Mahindra Limited,2025,(P/E Relative Valuation) Intrinsic Value,2724.98,no,directly computed from reported figures
Mahindra and Mahindra Limited,2025,(EV/EBITDA Valuation) Intrinsic Value,2994.84,no,directly computed from reported figures
Mahindra and Mahindra Limited,2025,(XGBoost) Intrinsic Value,4229.79,no,directly computed from reported figures
Mahindra and Mahindra Limited,2025,(Random Forest) Intrinsic Value,4089.96,no,directly computed from reported figures
Mahindra and Mahindra Limited,2025,(LightGBM) Intrinsic Value,3318.73,no,directly computed from reported figures
Mahindra and Mahindra Limited,2024,Market Price,1546.61,no,directly computed from reported figures
Mahindra and Mahindra Limited,2024,(DCF) Intrinsic Value,4506.89,YES,normalised FCFF (median of 2 positive years; FY2024 reported negative)
Mahindra and Mahindra Limited,2024,(P/E Relative Valuation) Intrinsic Value,2928.85,no,directly computed from reported figures
Mahindra and Mahindra Limited,2024,(EV/EBITDA Valuation) Intrinsic Value,3042.87,no,directly computed from reported figures
Mahindra and Mahindra Limited,2024,(XGBoost) Intrinsic Value,2325.78,no,directly computed from reported figures
Mahindra and Mahindra Limited,2024,(Random Forest) Intrinsic Value,2120.74,no,directly computed from reported figures
Mahindra and Mahindra Limited,2024,(LightGBM) Intrinsic Value,1797.68,no,directly computed from reported figures
Mahindra and Mahindra Limited,2023,Market Price,1182.9,no,directly computed from reported figures
Mahindra and Mahindra Limited,2023,(DCF) Intrinsic Value,3956.29,YES,normalised FCFF (median of 2 positive years; FY2023 reported negative)
Mahindra and Mahindra Limited,2023,(P/E Relative Valuation) Intrinsic Value,3564.76,no,directly computed from reported figures
Mahindra and Mahindra Limited,2023,(EV/EBITDA Valuation) Intrinsic Value,2666.85,no,directly computed from reported figures
Mahindra and Mahindra Limited,2023,(XGBoost) Intrinsic Value,1653.68,no,directly computed from reported figures
Mahindra and Mahindra Limited,2023,(Random Forest) Intrinsic Value,1651.79,no,directly computed from reported figures
Mahindra and Mahindra Limited,2023,(LightGBM) Intrinsic Value,1744.14,no,directly computed from reported figures
Mahindra and Mahindra Limited,2022,Market Price,812.76,no,directly computed from reported figures
Mahindra and Mahindra Limited,2022,(DCF) Intrinsic Value,4009.89,YES,ebit=backcast_revenue from FY2023; da=backcast_revenue from FY2023; capex=backcast_revenue from FY2023; ocf=backcast_revenue from FY2023
Mahindra and Mahindra Limited,2022,(P/E Relative Valuation) Intrinsic Value,2558.21,YES,eps=derived (Net Income / Shares); net_income=backcast_revenue from FY2023
Mahindra and Mahindra Limited,2022,(EV/EBITDA Valuation) Intrinsic Value,2934.44,YES,ebitda=backcast_revenue from FY2023; ebit=backcast_revenue from FY2023; da=backcast_revenue from FY2023
Mahindra and Mahindra Limited,2022,(XGBoost) Intrinsic Value,1026.25,no,directly computed from reported figures
Mahindra and Mahindra Limited,2022,(Random Forest) Intrinsic Value,1343.19,no,directly computed from reported figures
Mahindra and Mahindra Limited,2022,(LightGBM) Intrinsic Value,1218.81,no,directly computed from reported figures
Mahindra and Mahindra Limited,2021,Market Price,630.31,no,directly computed from reported figures
Mahindra and Mahindra Limited,2021,(DCF) Intrinsic Value,2678.21,YES,ebit=backcast_revenue from FY2023; da=backcast_revenue from FY2023; capex=backcast_revenue from FY2023; ocf=backcast_revenue from FY2023
Mahindra and Mahindra Limited,2021,(P/E Relative Valuation) Intrinsic Value,2044.3,YES,eps=derived (Net Income / Shares); net_income=backcast_revenue from FY2023
Mahindra and Mahindra Limited,2021,(EV/EBITDA Valuation) Intrinsic Value,2228.23,YES,ebitda=backcast_revenue from FY2023; ebit=backcast_revenue from FY2023; da=backcast_revenue from FY2023
Mahindra and Mahindra Limited,2021,(XGBoost) Intrinsic Value,859.66,YES,leave-one-year-out fold (training included years after FY2021; not a forward-looking prediction)
Mahindra and Mahindra Limited,2021,(Random Forest) Intrinsic Value,854.26,YES,leave-one-year-out fold (training included years after FY2021; not a forward-looking prediction)
Mahindra and Mahindra Limited,2021,(LightGBM) Intrinsic Value,979.62,YES,leave-one-year-out fold (training included years after FY2021; not a forward-looking prediction)
Hero MotoCorp Limited,2025,Market Price,4833.39,no,directly computed from reported figures
Hero MotoCorp Limited,2025,(DCF) Intrinsic Value,7014.29,no,directly computed from reported figures
Hero MotoCorp Limited,2025,(P/E Relative Valuation) Intrinsic Value,5274.88,no,directly computed from reported figures
Hero MotoCorp Limited,2025,(EV/EBITDA Valuation) Intrinsic Value,4564.92,no,directly computed from reported figures
Hero MotoCorp Limited,2025,(XGBoost) Intrinsic Value,6351.44,no,directly computed from reported figures
Hero MotoCorp Limited,2025,(Random Forest) Intrinsic Value,6856.82,no,directly computed from reported figures
Hero MotoCorp Limited,2025,(LightGBM) Intrinsic Value,6678.26,no,directly computed from reported figures
Hero MotoCorp Limited,2024,Market Price,3409.31,no,directly computed from reported figures
Hero MotoCorp Limited,2024,(DCF) Intrinsic Value,9615.93,no,directly computed from reported figures
Hero MotoCorp Limited,2024,(P/E Relative Valuation) Intrinsic Value,5440.04,no,directly computed from reported figures
Hero MotoCorp Limited,2024,(EV/EBITDA Valuation) Intrinsic Value,4688.4,no,directly computed from reported figures
Hero MotoCorp Limited,2024,(XGBoost) Intrinsic Value,5252.22,no,directly computed from reported figures
Hero MotoCorp Limited,2024,(Random Forest) Intrinsic Value,5004.74,no,directly computed from reported figures
Hero MotoCorp Limited,2024,(LightGBM) Intrinsic Value,5519.07,no,directly computed from reported figures
Hero MotoCorp Limited,2023,Market Price,2639.16,no,directly computed from reported figures
Hero MotoCorp Limited,2023,(DCF) Intrinsic Value,2530.53,no,directly computed from reported figures
Hero MotoCorp Limited,2023,(P/E Relative Valuation) Intrinsic Value,5029.98,no,directly computed from reported figures
Hero MotoCorp Limited,2023,(EV/EBITDA Valuation) Intrinsic Value,3826.37,no,directly computed from reported figures
Hero MotoCorp Limited,2023,(XGBoost) Intrinsic Value,2708.37,no,directly computed from reported figures
Hero MotoCorp Limited,2023,(Random Forest) Intrinsic Value,2747.43,no,directly computed from reported figures
Hero MotoCorp Limited,2023,(LightGBM) Intrinsic Value,2800.95,no,directly computed from reported figures
Hero MotoCorp Limited,2022,Market Price,2726.7,no,directly computed from reported figures
Hero MotoCorp Limited,2022,(DCF) Intrinsic Value,3897.15,YES,ebit=backcast_revenue from FY2023; da=backcast_revenue from FY2023; capex=backcast_revenue from FY2023; ocf=backcast_revenue from FY2023
Hero MotoCorp Limited,2022,(P/E Relative Valuation) Intrinsic Value,3696.57,YES,eps=derived (Net Income / Shares); net_income=backcast_revenue from FY2023
Hero MotoCorp Limited,2022,(EV/EBITDA Valuation) Intrinsic Value,2754.46,YES,ebitda=backcast_revenue from FY2023; ebit=backcast_revenue from FY2023; da=backcast_revenue from FY2023
Hero MotoCorp Limited,2022,(XGBoost) Intrinsic Value,2554.49,no,directly computed from reported figures
Hero MotoCorp Limited,2022,(Random Forest) Intrinsic Value,4010.48,no,directly computed from reported figures
Hero MotoCorp Limited,2022,(LightGBM) Intrinsic Value,2917.06,no,directly computed from reported figures
Hero MotoCorp Limited,2021,Market Price,2856.79,no,directly computed from reported figures
Hero MotoCorp Limited,2021,(DCF) Intrinsic Value,3278.99,YES,ebit=backcast_revenue from FY2023; da=backcast_revenue from FY2023; capex=backcast_revenue from FY2023; ocf=backcast_revenue from FY2023
Hero MotoCorp Limited,2021,(P/E Relative Valuation) Intrinsic Value,3631.94,YES,eps=derived (Net Income / Shares); net_income=backcast_revenue from FY2023
Hero MotoCorp Limited,2021,(EV/EBITDA Valuation) Intrinsic Value,1774.09,YES,ebitda=backcast_revenue from FY2023; ebit=backcast_revenue from FY2023; da=backcast_revenue from FY2023
Hero MotoCorp Limited,2021,(XGBoost) Intrinsic Value,2875.54,YES,leave-one-year-out fold (training included years after FY2021; not a forward-looking prediction)
Hero MotoCorp Limited,2021,(Random Forest) Intrinsic Value,3166.97,YES,leave-one-year-out fold (training included years after FY2021; not a forward-looking prediction)
Hero MotoCorp Limited,2021,(LightGBM) Intrinsic Value,2713.04,YES,leave-one-year-out fold (training included years after FY2021; not a forward-looking prediction)
Hitachi Energy India Limited,2025,Market Price,11985.85,no,directly computed from reported figures
Hitachi Energy India Limited,2025,(DCF) Intrinsic Value,11031.25,no,directly computed from reported figures
Hitachi Energy India Limited,2025,(P/E Relative Valuation) Intrinsic Value,2159.76,no,directly computed from reported figures
Hitachi Energy India Limited,2025,(EV/EBITDA Valuation) Intrinsic Value,2145.77,no,directly computed from reported figures
Hitachi Energy India Limited,2025,(XGBoost) Intrinsic Value,17690.87,no,directly computed from reported figures
Hitachi Energy India Limited,2025,(Random Forest) Intrinsic Value,18388.57,no,directly computed from reported figures
Hitachi Energy India Limited,2025,(LightGBM) Intrinsic Value,17401.59,no,directly computed from reported figures
Hitachi Energy India Limited,2024,Market Price,4667.04,no,directly computed from reported figures
Hitachi Energy India Limited,2024,(DCF) Intrinsic Value,640.17,no,directly computed from reported figures
Hitachi Energy India Limited,2024,(P/E Relative Valuation) Intrinsic Value,914.08,no,directly computed from reported figures
Hitachi Energy India Limited,2024,(EV/EBITDA Valuation) Intrinsic Value,903.21,no,directly computed from reported figures
Hitachi Energy India Limited,2024,(XGBoost) Intrinsic Value,7947.77,no,directly computed from reported figures
Hitachi Energy India Limited,2024,(Random Forest) Intrinsic Value,6837.6,no,directly computed from reported figures
Hitachi Energy India Limited,2024,(LightGBM) Intrinsic Value,7539.41,no,directly computed from reported figures
Hitachi Energy India Limited,2023,Market Price,3271.92,no,directly computed from reported figures
Hitachi Energy India Limited,2023,(P/E Relative Valuation) Intrinsic Value,416.29,no,directly computed from reported figures
Hitachi Energy India Limited,2023,(EV/EBITDA Valuation) Intrinsic Value,534.04,no,directly computed from reported figures
Hitachi Energy India Limited,2023,(XGBoost) Intrinsic Value,4230.7,no,directly computed from reported figures
Hitachi Energy India Limited,2023,(Random Forest) Intrinsic Value,4680.32,no,directly computed from reported figures
Hitachi Energy India Limited,2023,(LightGBM) Intrinsic Value,3956.05,no,directly computed from reported figures
Hitachi Energy India Limited,2022,Market Price,2342.31,no,directly computed from reported figures
Hitachi Energy India Limited,2022,(DCF) Intrinsic Value,1270.67,YES,ebit=backcast_revenue from FY2023; da=backcast_revenue from FY2023; capex=backcast_revenue from FY2023; ocf=backcast_revenue from FY2023
Hitachi Energy India Limited,2022,(P/E Relative Valuation) Intrinsic Value,375.07,YES,eps=derived (Net Income / Shares); net_income=backcast_revenue from FY2023
Hitachi Energy India Limited,2022,(EV/EBITDA Valuation) Intrinsic Value,427.82,YES,ebitda=backcast_revenue from FY2023; ebit=backcast_revenue from FY2023; da=backcast_revenue from FY2023
Hitachi Energy India Limited,2022,(XGBoost) Intrinsic Value,4174.17,no,directly computed from reported figures
Hitachi Energy India Limited,2022,(Random Forest) Intrinsic Value,4055.02,no,directly computed from reported figures
Hitachi Energy India Limited,2022,(LightGBM) Intrinsic Value,3183.12,no,directly computed from reported figures
Hitachi Energy India Limited,2021,Market Price,1034.72,no,directly computed from reported figures
Hitachi Energy India Limited,2021,(DCF) Intrinsic Value,703.93,YES,ebit=backcast_revenue from FY2023; da=backcast_revenue from FY2023; capex=backcast_revenue from FY2023; ocf=backcast_revenue from FY2023
Hitachi Energy India Limited,2021,(P/E Relative Valuation) Intrinsic Value,360.24,YES,eps=derived (Net Income / Shares); net_income=backcast_revenue from FY2023
Hitachi Energy India Limited,2021,(EV/EBITDA Valuation) Intrinsic Value,360.23,YES,ebitda=backcast_revenue from FY2023; ebit=backcast_revenue from FY2023; da=backcast_revenue from FY2023
Hitachi Energy India Limited,2021,(XGBoost) Intrinsic Value,1115.52,YES,leave-one-year-out fold (training included years after FY2021; not a forward-looking prediction)
Hitachi Energy India Limited,2021,(Random Forest) Intrinsic Value,1218.46,YES,leave-one-year-out fold (training included years after FY2021; not a forward-looking prediction)
Hitachi Energy India Limited,2021,(LightGBM) Intrinsic Value,1434.21,YES,leave-one-year-out fold (training included years after FY2021; not a forward-looking prediction)
ABB India Limited,2025,Market Price,7188.96,no,directly computed from reported figures
ABB India Limited,2025,(DCF) Intrinsic Value,2841.59,no,directly computed from reported figures
ABB India Limited,2025,(P/E Relative Valuation) Intrinsic Value,2091.69,no,directly computed from reported figures
ABB India Limited,2025,(EV/EBITDA Valuation) Intrinsic Value,1814.86,no,directly computed from reported figures
ABB India Limited,2025,(XGBoost) Intrinsic Value,13095.25,no,directly computed from reported figures
ABB India Limited,2025,(Random Forest) Intrinsic Value,11986.39,no,directly computed from reported figures
ABB India Limited,2025,(LightGBM) Intrinsic Value,13510.53,no,directly computed from reported figures
ABB India Limited,2024,Market Price,4409.25,no,directly computed from reported figures
ABB India Limited,2024,(DCF) Intrinsic Value,2686.46,no,directly computed from reported figures
ABB India Limited,2024,(P/E Relative Valuation) Intrinsic Value,1068.32,no,directly computed from reported figures
ABB India Limited,2024,(EV/EBITDA Valuation) Intrinsic Value,1148.2,no,directly computed from reported figures
ABB India Limited,2024,(XGBoost) Intrinsic Value,6896.91,no,directly computed from reported figures
ABB India Limited,2024,(Random Forest) Intrinsic Value,6236.53,no,directly computed from reported figures
ABB India Limited,2024,(LightGBM) Intrinsic Value,5971.55,no,directly computed from reported figures
ABB India Limited,2023,Market Price,2817.32,no,directly computed from reported figures
ABB India Limited,2023,(DCF) Intrinsic Value,1887.5,no,directly computed from reported figures
ABB India Limited,2023,(P/E Relative Valuation) Intrinsic Value,758.93,no,directly computed from reported figures
ABB India Limited,2023,(EV/EBITDA Valuation) Intrinsic Value,846.85,no,directly computed from reported figures
ABB India Limited,2023,(XGBoost) Intrinsic Value,4216.79,no,directly computed from reported figures
ABB India Limited,2023,(Random Forest) Intrinsic Value,4073.14,no,directly computed from reported figures
ABB India Limited,2023,(LightGBM) Intrinsic Value,4013.12,no,directly computed from reported figures
ABB India Limited,2022,Market Price,1889.57,no,directly computed from reported figures
ABB India Limited,2022,(DCF) Intrinsic Value,1459.81,YES,ebit=backcast_revenue from FY2023; da=backcast_revenue from FY2023; capex=backcast_revenue from FY2023; ocf=backcast_revenue from FY2023
ABB India Limited,2022,(P/E Relative Valuation) Intrinsic Value,647.16,YES,eps=derived (Net Income / Shares); net_income=backcast_revenue from FY2023
ABB India Limited,2022,(EV/EBITDA Valuation) Intrinsic Value,532.54,YES,ebitda=backcast_revenue from FY2023; ebit=backcast_revenue from FY2023; da=backcast_revenue from FY2023
ABB India Limited,2022,(XGBoost) Intrinsic Value,3675.71,no,directly computed from reported figures
ABB India Limited,2022,(Random Forest) Intrinsic Value,3168.32,no,directly computed from reported figures
ABB India Limited,2022,(LightGBM) Intrinsic Value,3354.69,no,directly computed from reported figures
ABB India Limited,2021,Market Price,1052.51,no,directly computed from reported figures
ABB India Limited,2021,(DCF) Intrinsic Value,810.28,YES,ebit=backcast_revenue from FY2023; da=backcast_revenue from FY2023; capex=backcast_revenue from FY2023; ocf=backcast_revenue from FY2023
ABB India Limited,2021,(P/E Relative Valuation) Intrinsic Value,827.88,YES,eps=derived (Net Income / Shares); net_income=backcast_revenue from FY2023
ABB India Limited,2021,(EV/EBITDA Valuation) Intrinsic Value,450.54,YES,ebitda=backcast_revenue from FY2023; ebit=backcast_revenue from FY2023; da=backcast_revenue from FY2023
ABB India Limited,2021,(XGBoost) Intrinsic Value,1247.84,YES,leave-one-year-out fold (training included years after FY2021; not a forward-looking prediction)
ABB India Limited,2021,(Random Forest) Intrinsic Value,1228.69,YES,leave-one-year-out fold (training included years after FY2021; not a forward-looking prediction)
ABB India Limited,2021,(LightGBM) Intrinsic Value,1222.7,YES,leave-one-year-out fold (training included years after FY2021; not a forward-looking prediction)
Bharat Forge Limited,2025,Market Price,1394.22,no,directly computed from reported figures
Bharat Forge Limited,2025,(DCF) Intrinsic Value,2.49,no,directly computed from reported figures
Bharat Forge Limited,2025,(P/E Relative Valuation) Intrinsic Value,474.85,no,directly computed from reported figures
Bharat Forge Limited,2025,(EV/EBITDA Valuation) Intrinsic Value,610.39,no,directly computed from reported figures
Bharat Forge Limited,2025,(XGBoost) Intrinsic Value,1458.31,no,directly computed from reported figures
Bharat Forge Limited,2025,(Random Forest) Intrinsic Value,1767.22,no,directly computed from reported figures
Bharat Forge Limited,2025,(LightGBM) Intrinsic Value,1464.14,no,directly computed from reported figures
Bharat Forge Limited,2024,Market Price,1016.84,no,directly computed from reported figures
Bharat Forge Limited,2024,(P/E Relative Valuation) Intrinsic Value,372.39,no,directly computed from reported figures
Bharat Forge Limited,2024,(EV/EBITDA Valuation) Intrinsic Value,533.64,no,directly computed from reported figures
Bharat Forge Limited,2024,(XGBoost) Intrinsic Value,1376.45,no,directly computed from reported figures
Bharat Forge Limited,2024,(Random Forest) Intrinsic Value,1468.63,no,directly computed from reported figures
Bharat Forge Limited,2024,(LightGBM) Intrinsic Value,1351.48,no,directly computed from reported figures
Bharat Forge Limited,2023,Market Price,768.99,no,directly computed from reported figures
Bharat Forge Limited,2023,(DCF) Intrinsic Value,63.5,no,directly computed from reported figures
Bharat Forge Limited,2023,(P/E Relative Valuation) Intrinsic Value,179.61,no,directly computed from reported figures
Bharat Forge Limited,2023,(EV/EBITDA Valuation) Intrinsic Value,268.47,no,directly computed from reported figures
Bharat Forge Limited,2023,(XGBoost) Intrinsic Value,771.09,no,directly computed from reported figures
Bharat Forge Limited,2023,(Random Forest) Intrinsic Value,857.25,no,directly computed from reported figures
Bharat Forge Limited,2023,(LightGBM) Intrinsic Value,760.92,no,directly computed from reported figures
Bharat Forge Limited,2022,Market Price,724.66,no,directly computed from reported figures
Bharat Forge Limited,2022,(DCF) Intrinsic Value,263.13,YES,ebit=backcast_revenue from FY2023; da=backcast_revenue from FY2023; capex=backcast_revenue from FY2023; ocf=backcast_revenue from FY2023
Bharat Forge Limited,2022,(P/E Relative Valuation) Intrinsic Value,163.58,YES,eps=derived (Net Income / Shares); net_income=backcast_revenue from FY2023
Bharat Forge Limited,2022,(EV/EBITDA Valuation) Intrinsic Value,320.1,YES,ebitda=backcast_revenue from FY2023; ebit=backcast_revenue from FY2023; da=backcast_revenue from FY2023
Bharat Forge Limited,2022,(XGBoost) Intrinsic Value,1238.93,no,directly computed from reported figures
Bharat Forge Limited,2022,(Random Forest) Intrinsic Value,1278.9,no,directly computed from reported figures
Bharat Forge Limited,2022,(LightGBM) Intrinsic Value,1245.52,no,directly computed from reported figures
Bharat Forge Limited,2021,Market Price,461.18,no,directly computed from reported figures
Bharat Forge Limited,2021,(DCF) Intrinsic Value,234.55,YES,ebit=backcast_revenue from FY2023; da=backcast_revenue from FY2023; capex=backcast_revenue from FY2023; ocf=backcast_revenue from FY2023
Bharat Forge Limited,2021,(P/E Relative Valuation) Intrinsic Value,229.51,YES,eps=derived (Net Income / Shares); net_income=backcast_revenue from FY2023
Bharat Forge Limited,2021,(EV/EBITDA Valuation) Intrinsic Value,305.59,YES,ebitda=backcast_revenue from FY2023; ebit=backcast_revenue from FY2023; da=backcast_revenue from FY2023
Bharat Forge Limited,2021,(XGBoost) Intrinsic Value,511.47,YES,leave-one-year-out fold (training included years after FY2021; not a forward-looking prediction)
Bharat Forge Limited,2021,(Random Forest) Intrinsic Value,517.01,YES,leave-one-year-out fold (training included years after FY2021; not a forward-looking prediction)
Bharat Forge Limited,2021,(LightGBM) Intrinsic Value,504.27,YES,leave-one-year-out fold (training included years after FY2021; not a forward-looking prediction)
Kalyani Steels Limited,2025,Market Price,869.34,no,directly computed from reported figures
Kalyani Steels Limited,2025,(DCF) Intrinsic Value,2431.03,no,directly computed from reported figures
Kalyani Steels Limited,2025,(P/E Relative Valuation) Intrinsic Value,1415.87,no,directly computed from reported figures
Kalyani Steels Limited,2025,(EV/EBITDA Valuation) Intrinsic Value,1363.95,no,directly computed from reported figures
Kalyani Steels Limited,2025,(XGBoost) Intrinsic Value,1255.38,no,directly computed from reported figures
Kalyani Steels Limited,2025,(Random Forest) Intrinsic Value,1245.71,no,directly computed from reported figures
Kalyani Steels Limited,2025,(LightGBM) Intrinsic Value,1617.73,no,directly computed from reported figures
Kalyani Steels Limited,2024,Market Price,499.19,no,directly computed from reported figures
Kalyani Steels Limited,2024,(DCF) Intrinsic Value,417.05,YES,normalised FCFF (median of 2 positive years; FY2024 reported negative)
Kalyani Steels Limited,2024,(P/E Relative Valuation) Intrinsic Value,1657.55,no,directly computed from reported figures
Kalyani Steels Limited,2024,(EV/EBITDA Valuation) Intrinsic Value,1446.56,no,directly computed from reported figures
Kalyani Steels Limited,2024,(XGBoost) Intrinsic Value,1576.97,no,directly computed from reported figures
Kalyani Steels Limited,2024,(Random Forest) Intrinsic Value,907.45,no,directly computed from reported figures
Kalyani Steels Limited,2024,(LightGBM) Intrinsic Value,1452.25,no,directly computed from reported figures
Kalyani Steels Limited,2023,Market Price,314.38,no,directly computed from reported figures
Kalyani Steels Limited,2023,(DCF) Intrinsic Value,499.3,YES,normalised FCFF (median of 2 positive years; FY2023 reported negative)
Kalyani Steels Limited,2023,(P/E Relative Valuation) Intrinsic Value,1483.12,no,directly computed from reported figures
Kalyani Steels Limited,2023,(EV/EBITDA Valuation) Intrinsic Value,1193.95,no,directly computed from reported figures
Kalyani Steels Limited,2023,(XGBoost) Intrinsic Value,186.7,no,directly computed from reported figures
Kalyani Steels Limited,2023,(Random Forest) Intrinsic Value,397.0,no,directly computed from reported figures
Kalyani Steels Limited,2023,(LightGBM) Intrinsic Value,199.47,no,directly computed from reported figures
Kalyani Steels Limited,2022,Market Price,360.68,no,directly computed from reported figures
Kalyani Steels Limited,2022,(DCF) Intrinsic Value,349.05,YES,ebit=backcast_revenue from FY2023; da=backcast_revenue from FY2023; capex=backcast_revenue from FY2023; ocf=backcast_revenue from FY2023
Kalyani Steels Limited,2022,(P/E Relative Valuation) Intrinsic Value,1276.05,YES,eps=derived (Net Income / Shares); net_income=backcast_revenue from FY2023
Kalyani Steels Limited,2022,(EV/EBITDA Valuation) Intrinsic Value,1126.72,YES,ebitda=backcast_revenue from FY2023; ebit=backcast_revenue from FY2023; da=backcast_revenue from FY2023
Kalyani Steels Limited,2022,(XGBoost) Intrinsic Value,628.34,no,directly computed from reported figures
Kalyani Steels Limited,2022,(Random Forest) Intrinsic Value,684.84,no,directly computed from reported figures
Kalyani Steels Limited,2022,(LightGBM) Intrinsic Value,551.75,no,directly computed from reported figures
Kalyani Steels Limited,2021,Market Price,227.41,no,directly computed from reported figures
Kalyani Steels Limited,2021,(DCF) Intrinsic Value,435.02,YES,ebit=backcast_revenue from FY2023; da=backcast_revenue from FY2023; capex=backcast_revenue from FY2023; ocf=backcast_revenue from FY2023
Kalyani Steels Limited,2021,(P/E Relative Valuation) Intrinsic Value,1141.01,YES,eps=derived (Net Income / Shares); net_income=backcast_revenue from FY2023
Kalyani Steels Limited,2021,(EV/EBITDA Valuation) Intrinsic Value,957.34,YES,ebitda=backcast_revenue from FY2023; ebit=backcast_revenue from FY2023; da=backcast_revenue from FY2023
Kalyani Steels Limited,2021,(XGBoost) Intrinsic Value,332.86,YES,leave-one-year-out fold (training included years after FY2021; not a forward-looking prediction)
Kalyani Steels Limited,2021,(Random Forest) Intrinsic Value,324.74,YES,leave-one-year-out fold (training included years after FY2021; not a forward-looking prediction)
Kalyani Steels Limited,2021,(LightGBM) Intrinsic Value,311.19,YES,leave-one-year-out fold (training included years after FY2021; not a forward-looking prediction)
Kalyani Forge Limited,2025,Market Price,541.4,no,directly computed from reported figures
Kalyani Forge Limited,2025,(DCF) Intrinsic Value,119.57,YES,normalised FCFF (median of 2 positive years; FY2025 reported negative)
Kalyani Forge Limited,2025,(P/E Relative Valuation) Intrinsic Value,551.39,no,directly computed from reported figures
Kalyani Forge Limited,2025,(EV/EBITDA Valuation) Intrinsic Value,769.96,no,directly computed from reported figures
Kalyani Forge Limited,2025,(XGBoost) Intrinsic Value,886.8,no,directly computed from reported figures
Kalyani Forge Limited,2025,(Random Forest) Intrinsic Value,940.76,no,directly computed from reported figures
Kalyani Forge Limited,2025,(LightGBM) Intrinsic Value,905.84,no,directly computed from reported figures
Kalyani Forge Limited,2024,Market Price,363.85,no,directly computed from reported figures
Kalyani Forge Limited,2024,(DCF) Intrinsic Value,151.94,YES,normalised FCFF (median of 2 positive years; FY2024 reported negative)
Kalyani Forge Limited,2024,(P/E Relative Valuation) Intrinsic Value,228.03,no,directly computed from reported figures
Kalyani Forge Limited,2024,(EV/EBITDA Valuation) Intrinsic Value,547.12,no,directly computed from reported figures
Kalyani Forge Limited,2024,(XGBoost) Intrinsic Value,867.38,no,directly computed from reported figures
Kalyani Forge Limited,2024,(Random Forest) Intrinsic Value,614.33,no,directly computed from reported figures
Kalyani Forge Limited,2024,(LightGBM) Intrinsic Value,820.01,no,directly computed from reported figures
Kalyani Forge Limited,2023,Market Price,212.81,no,directly computed from reported figures
Kalyani Forge Limited,2023,(DCF) Intrinsic Value,264.61,YES,normalised FCFF (median of 2 positive years; FY2023 reported negative)
Kalyani Forge Limited,2023,(EV/EBITDA Valuation) Intrinsic Value,590.0,no,directly computed from reported figures
Kalyani Forge Limited,2023,(XGBoost) Intrinsic Value,252.06,no,directly computed from reported figures
Kalyani Forge Limited,2023,(Random Forest) Intrinsic Value,299.32,no,directly computed from reported figures
Kalyani Forge Limited,2023,(LightGBM) Intrinsic Value,254.48,no,directly computed from reported figures
Kalyani Forge Limited,2022,Market Price,195.53,no,directly computed from reported figures
Kalyani Forge Limited,2022,(DCF) Intrinsic Value,235.01,YES,ebit=backcast_revenue from FY2023; da=backcast_revenue from FY2023; capex=backcast_revenue from FY2023; ocf=backcast_revenue from FY2023
Kalyani Forge Limited,2022,(EV/EBITDA Valuation) Intrinsic Value,742.3,YES,ebitda=backcast_revenue from FY2023; ebit=backcast_revenue from FY2023; da=backcast_revenue from FY2023
Kalyani Forge Limited,2022,(XGBoost) Intrinsic Value,349.86,no,directly computed from reported figures
Kalyani Forge Limited,2022,(Random Forest) Intrinsic Value,404.13,no,directly computed from reported figures
Kalyani Forge Limited,2022,(LightGBM) Intrinsic Value,429.33,no,directly computed from reported figures
Kalyani Forge Limited,2021,Market Price,144.3,no,directly computed from reported figures
Kalyani Forge Limited,2021,(DCF) Intrinsic Value,319.18,YES,ebit=backcast_revenue from FY2023; da=backcast_revenue from FY2023; capex=backcast_revenue from FY2023; ocf=backcast_revenue from FY2023
Kalyani Forge Limited,2021,(EV/EBITDA Valuation) Intrinsic Value,681.8,YES,ebitda=backcast_revenue from FY2023; ebit=backcast_revenue from FY2023; da=backcast_revenue from FY2023
Kalyani Forge Limited,2021,(XGBoost) Intrinsic Value,223.04,YES,leave-one-year-out fold (training included years after FY2021; not a forward-looking prediction)
Kalyani Forge Limited,2021,(Random Forest) Intrinsic Value,207.31,YES,leave-one-year-out fold (training included years after FY2021; not a forward-looking prediction)
Kalyani Forge Limited,2021,(LightGBM) Intrinsic Value,282.84,YES,leave-one-year-out fold (training included years after FY2021; not a forward-looking prediction)
Kotak Mahindra Bank Limited,2025,Market Price,361.92,no,directly computed from reported figures
Kotak Mahindra Bank Limited,2025,(DCF) Intrinsic Value,144.44,YES,ebit=backcast_revenue from FY2024
Kotak Mahindra Bank Limited,2025,(P/E Relative Valuation) Intrinsic Value,284.42,no,directly computed from reported figures
Kotak Mahindra Bank Limited,2025,(EV/EBITDA Valuation) Intrinsic Value,52.36,YES,ebitda=backcast_revenue from FY2024; ebit=backcast_revenue from FY2024
Kotak Mahindra Bank Limited,2025,(XGBoost) Intrinsic Value,401.68,no,directly computed from reported figures
Kotak Mahindra Bank Limited,2025,(Random Forest) Intrinsic Value,457.36,no,directly computed from reported figures
Kotak Mahindra Bank Limited,2025,(LightGBM) Intrinsic Value,555.72,no,directly computed from reported figures
Kotak Mahindra Bank Limited,2024,Market Price,363.31,no,directly computed from reported figures
Kotak Mahindra Bank Limited,2024,(DCF) Intrinsic Value,424.88,YES,ebit=backcast_revenue from FY2023
Kotak Mahindra Bank Limited,2024,(P/E Relative Valuation) Intrinsic Value,160.47,no,directly computed from reported figures
Kotak Mahindra Bank Limited,2024,(EV/EBITDA Valuation) Intrinsic Value,34.17,YES,ebitda=backcast_revenue from FY2023; ebit=backcast_revenue from FY2023
Kotak Mahindra Bank Limited,2024,(XGBoost) Intrinsic Value,427.5,no,directly computed from reported figures
Kotak Mahindra Bank Limited,2024,(Random Forest) Intrinsic Value,472.62,no,directly computed from reported figures
Kotak Mahindra Bank Limited,2024,(LightGBM) Intrinsic Value,371.08,no,directly computed from reported figures
Kotak Mahindra Bank Limited,2023,Market Price,362.27,no,directly computed from reported figures
Kotak Mahindra Bank Limited,2023,(DCF) Intrinsic Value,154.02,YES,normalised FCFF (median of 2 positive years; FY2023 reported negative); ebit=backcast_revenue from FY2022
Kotak Mahindra Bank Limited,2023,(P/E Relative Valuation) Intrinsic Value,115.88,no,directly computed from reported figures
Kotak Mahindra Bank Limited,2023,(EV/EBITDA Valuation) Intrinsic Value,32.5,YES,ebitda=backcast_revenue from FY2022; ebit=backcast_revenue from FY2022
Kotak Mahindra Bank Limited,2023,(XGBoost) Intrinsic Value,369.92,no,directly computed from reported figures
Kotak Mahindra Bank Limited,2023,(Random Forest) Intrinsic Value,476.3,no,directly computed from reported figures
Kotak Mahindra Bank Limited,2023,(LightGBM) Intrinsic Value,335.91,no,directly computed from reported figures
Kotak Mahindra Bank Limited,2022,Market Price,367.91,no,directly computed from reported figures
Kotak Mahindra Bank Limited,2022,(DCF) Intrinsic Value,160.0,YES,ebit=backcast_revenue from FY2021; da=backcast_revenue from FY2023; capex=backcast_revenue from FY2023; ocf=backcast_revenue from FY2023
Kotak Mahindra Bank Limited,2022,(P/E Relative Valuation) Intrinsic Value,50.59,YES,eps=derived (Net Income / Shares); net_income=backcast_revenue from FY2023
Kotak Mahindra Bank Limited,2022,(EV/EBITDA Valuation) Intrinsic Value,47.29,YES,ebitda=backcast_revenue from FY2021; ebit=backcast_revenue from FY2021; da=backcast_revenue from FY2023
Kotak Mahindra Bank Limited,2022,(XGBoost) Intrinsic Value,445.22,no,directly computed from reported figures
Kotak Mahindra Bank Limited,2022,(Random Forest) Intrinsic Value,612.27,no,directly computed from reported figures
Kotak Mahindra Bank Limited,2022,(LightGBM) Intrinsic Value,432.14,no,directly computed from reported figures
Kotak Mahindra Bank Limited,2021,Market Price,308.74,no,directly computed from reported figures
Kotak Mahindra Bank Limited,2021,(DCF) Intrinsic Value,86.88,YES,ebit=sector_ratio (ebit_margin); da=backcast_revenue from FY2023; capex=backcast_revenue from FY2023; ocf=backcast_revenue from FY2023
Kotak Mahindra Bank Limited,2021,(P/E Relative Valuation) Intrinsic Value,38.69,YES,eps=derived (Net Income / Shares); net_income=backcast_revenue from FY2023
Kotak Mahindra Bank Limited,2021,(EV/EBITDA Valuation) Intrinsic Value,27.26,YES,ebitda=sector_ratio (ebitda_margin); ebit=sector_ratio (ebit_margin); da=backcast_revenue from FY2023
Kotak Mahindra Bank Limited,2021,(XGBoost) Intrinsic Value,264.27,YES,leave-one-year-out fold (training included years after FY2021; not a forward-looking prediction)
Kotak Mahindra Bank Limited,2021,(Random Forest) Intrinsic Value,335.3,YES,leave-one-year-out fold (training included years after FY2021; not a forward-looking prediction)
Kotak Mahindra Bank Limited,2021,(LightGBM) Intrinsic Value,273.05,YES,leave-one-year-out fold (training included years after FY2021; not a forward-looking prediction)
Union Bank of India,2025,Market Price,126.95,no,directly computed from reported figures
Union Bank of India,2025,(DCF) Intrinsic Value,134.63,YES,normalised FCFF (median of 2 positive years; FY2025 reported negative); ebit=backcast_revenue from FY2024
Union Bank of India,2025,(P/E Relative Valuation) Intrinsic Value,347.24,no,directly computed from reported figures
Union Bank of India,2025,(EV/EBITDA Valuation) Intrinsic Value,176.06,YES,ebitda=backcast_revenue from FY2024; ebit=backcast_revenue from FY2024
Union Bank of India,2025,(XGBoost) Intrinsic Value,320.1,no,directly computed from reported figures
Union Bank of India,2025,(Random Forest) Intrinsic Value,230.89,no,directly computed from reported figures
Union Bank of India,2025,(LightGBM) Intrinsic Value,275.17,no,directly computed from reported figures
Union Bank of India,2024,Market Price,102.81,no,directly computed from reported figures
Union Bank of India,2024,(DCF) Intrinsic Value,164.52,YES,normalised FCFF (median of 2 positive years; FY2024 reported negative); ebit=backcast_revenue from FY2023
Union Bank of India,2024,(P/E Relative Valuation) Intrinsic Value,240.63,no,directly computed from reported figures
Union Bank of India,2024,(EV/EBITDA Valuation) Intrinsic Value,174.09,YES,ebitda=backcast_revenue from FY2023; ebit=backcast_revenue from FY2023
Union Bank of India,2024,(XGBoost) Intrinsic Value,207.22,no,directly computed from reported figures
Union Bank of India,2024,(Random Forest) Intrinsic Value,167.2,no,directly computed from reported figures
Union Bank of India,2024,(LightGBM) Intrinsic Value,198.57,no,directly computed from reported figures
Union Bank of India,2023,Market Price,54.49,no,directly computed from reported figures
Union Bank of India,2023,(DCF) Intrinsic Value,181.39,YES,normalised FCFF (median of 2 positive years; FY2023 reported negative); ebit=backcast_revenue from FY2022
Union Bank of India,2023,(P/E Relative Valuation) Intrinsic Value,141.57,no,directly computed from reported figures
Union Bank of India,2023,(EV/EBITDA Valuation) Intrinsic Value,314.35,YES,ebitda=backcast_revenue from FY2022; ebit=backcast_revenue from FY2022
Union Bank of India,2023,(XGBoost) Intrinsic Value,79.26,no,directly computed from reported figures
Union Bank of India,2023,(Random Forest) Intrinsic Value,82.54,no,directly computed from reported figures
Union Bank of India,2023,(LightGBM) Intrinsic Value,69.96,no,directly computed from reported figures
Union Bank of India,2022,Market Price,40.02,no,directly computed from reported figures
Union Bank of India,2022,(DCF) Intrinsic Value,34.39,YES,ebit=backcast_revenue from FY2021; da=backcast_revenue from FY2023; capex=backcast_revenue from FY2023; ocf=backcast_revenue from FY2023
Union Bank of India,2022,(P/E Relative Valuation) Intrinsic Value,286.79,YES,eps=derived (Net Income / Shares); net_income=backcast_revenue from FY2023
Union Bank of India,2022,(EV/EBITDA Valuation) Intrinsic Value,65.83,YES,ebitda=backcast_revenue from FY2021; ebit=backcast_revenue from FY2021; da=backcast_revenue from FY2023
Union Bank of India,2022,(XGBoost) Intrinsic Value,56.86,no,directly computed from reported figures
Union Bank of India,2022,(Random Forest) Intrinsic Value,70.09,no,directly computed from reported figures
Union Bank of India,2022,(LightGBM) Intrinsic Value,57.4,no,directly computed from reported figures
Union Bank of India,2021,Market Price,29.75,no,directly computed from reported figures
Union Bank of India,2021,(DCF) Intrinsic Value,25.82,YES,ebit=sector_ratio (ebit_margin); da=backcast_revenue from FY2023; capex=backcast_revenue from FY2023; ocf=backcast_revenue from FY2023
Union Bank of India,2021,(P/E Relative Valuation) Intrinsic Value,183.96,YES,eps=derived (Net Income / Shares); net_income=backcast_revenue from FY2023
Union Bank of India,2021,(EV/EBITDA Valuation) Intrinsic Value,45.39,YES,ebitda=sector_ratio (ebitda_margin); ebit=sector_ratio (ebit_margin); da=backcast_revenue from FY2023
Union Bank of India,2021,(XGBoost) Intrinsic Value,41.29,YES,leave-one-year-out fold (training included years after FY2021; not a forward-looking prediction)
Union Bank of India,2021,(Random Forest) Intrinsic Value,38.93,YES,leave-one-year-out fold (training included years after FY2021; not a forward-looking prediction)
Union Bank of India,2021,(LightGBM) Intrinsic Value,37.83,YES,leave-one-year-out fold (training included years after FY2021; not a forward-looking prediction)
Life Insurance Corporation of India,2025,Market Price,474.13,no,directly computed from reported figures
Life Insurance Corporation of India,2025,(DCF) Intrinsic Value,1523.82,YES,da=backcast_revenue from FY2024; ocf=backcast_revenue from FY2024
Life Insurance Corporation of India,2025,(P/E Relative Valuation) Intrinsic Value,561.58,no,directly computed from reported figures
Life Insurance Corporation of India,2025,(EV/EBITDA Valuation) Intrinsic Value,874.96,YES,ebitda=backcast_revenue from FY2024; da=backcast_revenue from FY2024
Life Insurance Corporation of India,2025,(XGBoost) Intrinsic Value,569.52,no,directly computed from reported figures
Life Insurance Corporation of India,2025,(Random Forest) Intrinsic Value,661.3,no,directly computed from reported figures
Life Insurance Corporation of India,2025,(LightGBM) Intrinsic Value,705.19,no,directly computed from reported figures
Life Insurance Corporation of India,2024,Market Price,356.18,no,directly computed from reported figures
Life Insurance Corporation of India,2024,(DCF) Intrinsic Value,1335.57,YES,da=backcast_revenue from FY2023; ocf=backcast_revenue from FY2023
Life Insurance Corporation of India,2024,(P/E Relative Valuation) Intrinsic Value,334.04,no,directly computed from reported figures
Life Insurance Corporation of India,2024,(EV/EBITDA Valuation) Intrinsic Value,637.47,YES,ebitda=backcast_revenue from FY2023; da=backcast_revenue from FY2023
Life Insurance Corporation of India,2024,(XGBoost) Intrinsic Value,417.72,no,directly computed from reported figures
Life Insurance Corporation of India,2024,(Random Forest) Intrinsic Value,465.5,no,directly computed from reported figures
Life Insurance Corporation of India,2024,(LightGBM) Intrinsic Value,446.18,no,directly computed from reported figures
Life Insurance Corporation of India,2023,Market Price,331.67,no,directly computed from reported figures
Life Insurance Corporation of India,2023,(DCF) Intrinsic Value,1221.94,YES,da=backcast_revenue from FY2022; ocf=backcast_revenue from FY2022
Life Insurance Corporation of India,2023,(P/E Relative Valuation) Intrinsic Value,220.0,no,directly computed from reported figures
Life Insurance Corporation of India,2023,(EV/EBITDA Valuation) Intrinsic Value,3062.87,YES,ebitda=backcast_revenue from FY2022; da=backcast_revenue from FY2022
Life Insurance Corporation of India,2023,(XGBoost) Intrinsic Value,385.36,no,directly computed from reported figures
Life Insurance Corporation of India,2023,(Random Forest) Intrinsic Value,412.93,no,directly computed from reported figures
Life Insurance Corporation of India,2023,(LightGBM) Intrinsic Value,343.63,no,directly computed from reported figures
Life Insurance Corporation of India,2022,(DCF) Intrinsic Value,1541.83,YES,ebit=backcast_revenue from FY2023; da=backcast_revenue from FY2021; capex=backcast_revenue from FY2023; ocf=backcast_revenue from FY2021
Life Insurance Corporation of India,2022,(P/E Relative Valuation) Intrinsic Value,439.95,YES,eps=derived (Net Income / Shares); net_income=backcast_revenue from FY2023
Life Insurance Corporation of India,2022,(EV/EBITDA Valuation) Intrinsic Value,639.79,YES,ebitda=backcast_revenue from FY2021; ebit=backcast_revenue from FY2023; da=backcast_revenue from FY2021
Life Insurance Corporation of India,2021,(DCF) Intrinsic Value,609.79,YES,ebit=backcast_revenue from FY2023; da=sector_ratio (da_ratio); capex=backcast_revenue from FY2023; ocf=sector_ratio (ocf_margin)
Life Insurance Corporation of India,2021,(P/E Relative Valuation) Intrinsic Value,307.78,YES,eps=derived (Net Income / Shares); net_income=backcast_revenue from FY2023
Life Insurance Corporation of India,2021,(EV/EBITDA Valuation) Intrinsic Value,418.99,YES,ebitda=sector_ratio (ebitda_margin); ebit=backcast_revenue from FY2023; da=sector_ratio (da_ratio)
General Insurance Corporation of India,2025,Market Price,389.69,no,directly computed from reported figures
General Insurance Corporation of India,2025,(DCF) Intrinsic Value,2003.09,YES,da=backcast_revenue from FY2024; ocf=backcast_revenue from FY2024
General Insurance Corporation of India,2025,(P/E Relative Valuation) Intrinsic Value,622.73,no,directly computed from reported figures
General Insurance Corporation of India,2025,(EV/EBITDA Valuation) Intrinsic Value,555.96,YES,ebitda=backcast_revenue from FY2024; da=backcast_revenue from FY2024
General Insurance Corporation of India,2025,(XGBoost) Intrinsic Value,615.76,no,directly computed from reported figures
General Insurance Corporation of India,2025,(Random Forest) Intrinsic Value,565.98,no,directly computed from reported figures
General Insurance Corporation of India,2025,(LightGBM) Intrinsic Value,672.03,no,directly computed from reported figures
General Insurance Corporation of India,2024,Market Price,249.08,no,directly computed from reported figures
General Insurance Corporation of India,2024,(DCF) Intrinsic Value,3321.92,no,directly computed from reported figures
General Insurance Corporation of India,2024,(P/E Relative Valuation) Intrinsic Value,478.87,no,directly computed from reported figures
General Insurance Corporation of India,2024,(EV/EBITDA Valuation) Intrinsic Value,432.39,no,directly computed from reported figures
General Insurance Corporation of India,2024,(XGBoost) Intrinsic Value,315.66,no,directly computed from reported figures
General Insurance Corporation of India,2024,(Random Forest) Intrinsic Value,333.69,no,directly computed from reported figures
General Insurance Corporation of India,2024,(LightGBM) Intrinsic Value,386.89,no,directly computed from reported figures
General Insurance Corporation of India,2023,Market Price,134.74,no,directly computed from reported figures
General Insurance Corporation of India,2023,(DCF) Intrinsic Value,2833.9,no,directly computed from reported figures
General Insurance Corporation of India,2023,(P/E Relative Valuation) Intrinsic Value,447.68,no,directly computed from reported figures
General Insurance Corporation of India,2023,(EV/EBITDA Valuation) Intrinsic Value,1078.66,no,directly computed from reported figures
General Insurance Corporation of India,2023,(XGBoost) Intrinsic Value,179.19,no,directly computed from reported figures
General Insurance Corporation of India,2023,(Random Forest) Intrinsic Value,181.13,no,directly computed from reported figures
General Insurance Corporation of India,2023,(LightGBM) Intrinsic Value,140.77,no,directly computed from reported figures
General Insurance Corporation of India,2022,Market Price,158.5,no,directly computed from reported figures
General Insurance Corporation of India,2022,(DCF) Intrinsic Value,2468.01,YES,capex=backcast_revenue from FY2023
General Insurance Corporation of India,2022,(P/E Relative Valuation) Intrinsic Value,1120.85,YES,eps=derived (Net Income / Shares); net_income=backcast_revenue from FY2023
General Insurance Corporation of India,2022,(EV/EBITDA Valuation) Intrinsic Value,189.7,no,directly computed from reported figures
General Insurance Corporation of India,2022,(XGBoost) Intrinsic Value,180.2,no,directly computed from reported figures
General Insurance Corporation of India,2022,(Random Forest) Intrinsic Value,249.8,no,directly computed from reported figures
General Insurance Corporation of India,2022,(LightGBM) Intrinsic Value,190.87,no,directly computed from reported figures
General Insurance Corporation of India,2021,Market Price,144.75,no,directly computed from reported figures
General Insurance Corporation of India,2021,(DCF) Intrinsic Value,470.3,YES,ebit=backcast_revenue from FY2022; da=backcast_revenue from FY2022; capex=backcast_revenue from FY2023; ocf=backcast_revenue from FY2022
General Insurance Corporation of India,2021,(P/E Relative Valuation) Intrinsic Value,795.79,YES,eps=derived (Net Income / Shares); net_income=backcast_revenue from FY2023
General Insurance Corporation of India,2021,(EV/EBITDA Valuation) Intrinsic Value,94.88,YES,ebitda=backcast_revenue from FY2022; ebit=backcast_revenue from FY2022; da=backcast_revenue from FY2022
General Insurance Corporation of India,2021,(XGBoost) Intrinsic Value,142.07,YES,leave-one-year-out fold (training included years after FY2021; not a forward-looking prediction)
General Insurance Corporation of India,2021,(Random Forest) Intrinsic Value,180.31,YES,leave-one-year-out fold (training included years after FY2021; not a forward-looking prediction)
General Insurance Corporation of India,2021,(LightGBM) Intrinsic Value,162.51,YES,leave-one-year-out fold (training included years after FY2021; not a forward-looking prediction)
BF Utilities Limited,2025,Market Price,849.03,no,directly computed from reported figures
BF Utilities Limited,2025,(DCF) Intrinsic Value,5343.07,no,directly computed from reported figures
BF Utilities Limited,2025,(P/E Relative Valuation) Intrinsic Value,496.94,no,directly computed from reported figures
BF Utilities Limited,2025,(EV/EBITDA Valuation) Intrinsic Value,1132.48,no,directly computed from reported figures
BF Utilities Limited,2025,(XGBoost) Intrinsic Value,1381.27,no,directly computed from reported figures
BF Utilities Limited,2025,(Random Forest) Intrinsic Value,1257.17,no,directly computed from reported figures
BF Utilities Limited,2025,(LightGBM) Intrinsic Value,1607.75,no,directly computed from reported figures
BF Utilities Limited,2024,Market Price,552.34,no,directly computed from reported figures
BF Utilities Limited,2024,(DCF) Intrinsic Value,3299.91,no,directly computed from reported figures
BF Utilities Limited,2024,(P/E Relative Valuation) Intrinsic Value,343.23,no,directly computed from reported figures
BF Utilities Limited,2024,(EV/EBITDA Valuation) Intrinsic Value,530.7,no,directly computed from reported figures
BF Utilities Limited,2024,(XGBoost) Intrinsic Value,868.4,no,directly computed from reported figures
BF Utilities Limited,2024,(Random Forest) Intrinsic Value,868.37,no,directly computed from reported figures
BF Utilities Limited,2024,(LightGBM) Intrinsic Value,866.58,no,directly computed from reported figures
BF Utilities Limited,2023,Market Price,366.18,no,directly computed from reported figures
BF Utilities Limited,2023,(DCF) Intrinsic Value,3922.2,no,directly computed from reported figures
BF Utilities Limited,2023,(P/E Relative Valuation) Intrinsic Value,264.78,no,directly computed from reported figures
BF Utilities Limited,2023,(EV/EBITDA Valuation) Intrinsic Value,4415.12,no,directly computed from reported figures
BF Utilities Limited,2023,(XGBoost) Intrinsic Value,382.09,no,directly computed from reported figures
BF Utilities Limited,2023,(Random Forest) Intrinsic Value,573.39,no,directly computed from reported figures
BF Utilities Limited,2023,(LightGBM) Intrinsic Value,444.07,no,directly computed from reported figures
BF Utilities Limited,2022,Market Price,389.31,no,directly computed from reported figures
BF Utilities Limited,2022,(DCF) Intrinsic Value,2973.93,no,directly computed from reported figures
BF Utilities Limited,2022,(P/E Relative Valuation) Intrinsic Value,55.05,no,directly computed from reported figures
BF Utilities Limited,2022,(EV/EBITDA Valuation) Intrinsic Value,263.36,no,directly computed from reported figures
BF Utilities Limited,2022,(XGBoost) Intrinsic Value,768.8,no,directly computed from reported figures
BF Utilities Limited,2022,(Random Forest) Intrinsic Value,768.36,no,directly computed from reported figures
BF Utilities Limited,2022,(LightGBM) Intrinsic Value,883.23,no,directly computed from reported figures
BF Utilities Limited,2021,Market Price,238.21,no,directly computed from reported figures
BF Utilities Limited,2021,(DCF) Intrinsic Value,1139.7,YES,ebit=backcast_revenue from FY2022; da=backcast_revenue from FY2022; capex=backcast_revenue from FY2022; ocf=backcast_revenue from FY2022
BF Utilities Limited,2021,(P/E Relative Valuation) Intrinsic Value,43.33,YES,eps=derived (Net Income / Shares); net_income=backcast_revenue from FY2022
BF Utilities Limited,2021,(EV/EBITDA Valuation) Intrinsic Value,503.44,YES,ebitda=backcast_revenue from FY2022; ebit=backcast_revenue from FY2022; da=backcast_revenue from FY2022
BF Utilities Limited,2021,(XGBoost) Intrinsic Value,234.2,YES,leave-one-year-out fold (training included years after FY2021; not a forward-looking prediction)
BF Utilities Limited,2021,(Random Forest) Intrinsic Value,282.83,YES,leave-one-year-out fold (training included years after FY2021; not a forward-looking prediction)
BF Utilities Limited,2021,(LightGBM) Intrinsic Value,220.16,YES,leave-one-year-out fold (training included years after FY2021; not a forward-looking prediction)
Unifinz Capital India Limited,2025,Market Price,66.63,no,directly computed from reported figures
Unifinz Capital India Limited,2025,(P/E Relative Valuation) Intrinsic Value,72.68,no,directly computed from reported figures
Unifinz Capital India Limited,2025,(EV/EBITDA Valuation) Intrinsic Value,33.4,no,directly computed from reported figures
Unifinz Capital India Limited,2025,(XGBoost) Intrinsic Value,74.4,no,directly computed from reported figures
Unifinz Capital India Limited,2025,(Random Forest) Intrinsic Value,118.27,no,directly computed from reported figures
Unifinz Capital India Limited,2025,(LightGBM) Intrinsic Value,114.25,no,directly computed from reported figures
Unifinz Capital India Limited,2024,Market Price,9.47,no,directly computed from reported figures
Unifinz Capital India Limited,2024,(XGBoost) Intrinsic Value,8.27,no,directly computed from reported figures
Unifinz Capital India Limited,2024,(Random Forest) Intrinsic Value,13.87,no,directly computed from reported figures
Unifinz Capital India Limited,2024,(LightGBM) Intrinsic Value,9.16,no,directly computed from reported figures
Unifinz Capital India Limited,2023,Market Price,16.42,no,directly computed from reported figures
Unifinz Capital India Limited,2023,(XGBoost) Intrinsic Value,22.57,no,directly computed from reported figures
Unifinz Capital India Limited,2023,(Random Forest) Intrinsic Value,26.81,no,directly computed from reported figures
Unifinz Capital India Limited,2023,(LightGBM) Intrinsic Value,26.8,no,directly computed from reported figures
Unifinz Capital India Limited,2022,Market Price,61.03,no,directly computed from reported figures
Unifinz Capital India Limited,2022,(XGBoost) Intrinsic Value,193.39,no,directly computed from reported figures
Unifinz Capital India Limited,2022,(Random Forest) Intrinsic Value,125.42,no,directly computed from reported figures
Unifinz Capital India Limited,2022,(LightGBM) Intrinsic Value,151.84,no,directly computed from reported figures
Unifinz Capital India Limited,2021,Market Price,18.49,no,directly computed from reported figures
Unifinz Capital India Limited,2021,(XGBoost) Intrinsic Value,5.41,YES,leave-one-year-out fold (training included years after FY2021; not a forward-looking prediction)
Unifinz Capital India Limited,2021,(Random Forest) Intrinsic Value,23.07,YES,leave-one-year-out fold (training included years after FY2021; not a forward-looking prediction)
Unifinz Capital India Limited,2021,(LightGBM) Intrinsic Value,8.59,YES,leave-one-year-out fold (training included years after FY2021; not a forward-looking prediction)
Royal India Corporation Limited,2025,Market Price,28.53,no,directly computed from reported figures
Royal India Corporation Limited,2025,(P/E Relative Valuation) Intrinsic Value,12.65,no,directly computed from reported figures
Royal India Corporation Limited,2025,(XGBoost) Intrinsic Value,28.36,no,directly computed from reported figures
Royal India Corporation Limited,2025,(Random Forest) Intrinsic Value,50.32,no,directly computed from reported figures
Royal India Corporation Limited,2025,(LightGBM) Intrinsic Value,37.76,no,directly computed from reported figures
Royal India Corporation Limited,2024,Market Price,4.18,no,directly computed from reported figures
Royal India Corporation Limited,2024,(DCF) Intrinsic Value,152.92,no,directly computed from reported figures
Royal India Corporation Limited,2024,(XGBoost) Intrinsic Value,9.1,no,directly computed from reported figures
Royal India Corporation Limited,2024,(Random Forest) Intrinsic Value,6.44,no,directly computed from reported figures
Royal India Corporation Limited,2024,(LightGBM) Intrinsic Value,8.93,no,directly computed from reported figures
Royal India Corporation Limited,2023,Market Price,2.74,no,directly computed from reported figures
Royal India Corporation Limited,2023,(DCF) Intrinsic Value,267.5,no,directly computed from reported figures
Royal India Corporation Limited,2023,(XGBoost) Intrinsic Value,3.97,no,directly computed from reported figures
Royal India Corporation Limited,2023,(Random Forest) Intrinsic Value,4.74,no,directly computed from reported figures
Royal India Corporation Limited,2023,(LightGBM) Intrinsic Value,4.17,no,directly computed from reported figures
Royal India Corporation Limited,2022,Market Price,2.61,no,directly computed from reported figures
Royal India Corporation Limited,2022,(DCF) Intrinsic Value,2.74,YES,ebit=backcast_revenue from FY2023; da=backcast_revenue from FY2023; capex=backcast_revenue from FY2023; ocf=backcast_revenue from FY2023
Royal India Corporation Limited,2022,(EV/EBITDA Valuation) Intrinsic Value,1.21,YES,ebitda=backcast_revenue from FY2023; ebit=backcast_revenue from FY2023; da=backcast_revenue from FY2023
Royal India Corporation Limited,2022,(XGBoost) Intrinsic Value,7.94,no,directly computed from reported figures
Royal India Corporation Limited,2022,(Random Forest) Intrinsic Value,5.49,no,directly computed from reported figures
Royal India Corporation Limited,2022,(LightGBM) Intrinsic Value,6.13,no,directly computed from reported figures
Royal India Corporation Limited,2021,Market Price,0.82,no,directly computed from reported figures
Royal India Corporation Limited,2021,(DCF) Intrinsic Value,1.25,YES,ebit=backcast_revenue from FY2023; da=backcast_revenue from FY2023; capex=backcast_revenue from FY2023; ocf=backcast_revenue from FY2023
Royal India Corporation Limited,2021,(EV/EBITDA Valuation) Intrinsic Value,0.5,YES,ebitda=backcast_revenue from FY2023; ebit=backcast_revenue from FY2023; da=backcast_revenue from FY2023
Royal India Corporation Limited,2021,(XGBoost) Intrinsic Value,2.16,YES,leave-one-year-out fold (training included years after FY2021; not a forward-looking prediction)
Royal India Corporation Limited,2021,(Random Forest) Intrinsic Value,1.37,YES,leave-one-year-out fold (training included years after FY2021; not a forward-looking prediction)
Royal India Corporation Limited,2021,(LightGBM) Intrinsic Value,1.47,YES,leave-one-year-out fold (training included years after FY2021; not a forward-looking prediction)
Adani Ports and Special Economic Zone Limited,2025,Market Price,1321.78,no,directly computed from reported figures
Adani Ports and Special Economic Zone Limited,2025,(DCF) Intrinsic Value,1518.23,no,directly computed from reported figures
Adani Ports and Special Economic Zone Limited,2025,(P/E Relative Valuation) Intrinsic Value,1525.36,YES,sector median including self (too few peers)
Adani Ports and Special Economic Zone Limited,2025,(EV/EBITDA Valuation) Intrinsic Value,1120.14,YES,sector median including self (too few peers)
Adani Ports and Special Economic Zone Limited,2025,(XGBoost) Intrinsic Value,1824.29,no,directly computed from reported figures
Adani Ports and Special Economic Zone Limited,2025,(Random Forest) Intrinsic Value,1916.16,no,directly computed from reported figures
Adani Ports and Special Economic Zone Limited,2025,(LightGBM) Intrinsic Value,1703.53,no,directly computed from reported figures
Adani Ports and Special Economic Zone Limited,2024,Market Price,901.22,no,directly computed from reported figures
Adani Ports and Special Economic Zone Limited,2024,(DCF) Intrinsic Value,1197.84,no,directly computed from reported figures
Adani Ports and Special Economic Zone Limited,2024,(P/E Relative Valuation) Intrinsic Value,853.8,YES,sector median including self (too few peers)
Adani Ports and Special Economic Zone Limited,2024,(EV/EBITDA Valuation) Intrinsic Value,656.42,YES,sector median including self (too few peers)
Adani Ports and Special Economic Zone Limited,2024,(XGBoost) Intrinsic Value,1297.3,no,directly computed from reported figures
Adani Ports and Special Economic Zone Limited,2024,(Random Forest) Intrinsic Value,1332.01,no,directly computed from reported figures
Adani Ports and Special Economic Zone Limited,2024,(LightGBM) Intrinsic Value,1143.75,no,directly computed from reported figures
Adani Ports and Special Economic Zone Limited,2023,Market Price,773.38,no,directly computed from reported figures
Adani Ports and Special Economic Zone Limited,2023,(P/E Relative Valuation) Intrinsic Value,574.59,YES,sector median including self (too few peers)
Adani Ports and Special Economic Zone Limited,2023,(EV/EBITDA Valuation) Intrinsic Value,457.81,YES,sector median including self (too few peers)
Adani Ports and Special Economic Zone Limited,2023,(XGBoost) Intrinsic Value,911.6,no,directly computed from reported figures
Adani Ports and Special Economic Zone Limited,2023,(Random Forest) Intrinsic Value,1155.61,no,directly computed from reported figures
Adani Ports and Special Economic Zone Limited,2023,(LightGBM) Intrinsic Value,926.62,no,directly computed from reported figures
Adani Ports and Special Economic Zone Limited,2022,Market Price,736.24,no,directly computed from reported figures
Adani Ports and Special Economic Zone Limited,2022,(DCF) Intrinsic Value,81.03,YES,ebit=backcast_revenue from FY2023; da=backcast_revenue from FY2023; capex=backcast_revenue from FY2023; ocf=backcast_revenue from FY2023
Adani Ports and Special Economic Zone Limited,2022,(P/E Relative Valuation) Intrinsic Value,542.3,YES,sector median including self (too few peers); eps=derived (Net Income / Shares); net_income=backcast_revenue from FY2023
Adani Ports and Special Economic Zone Limited,2022,(EV/EBITDA Valuation) Intrinsic Value,500.89,YES,sector median including self (too few peers); ebitda=backcast_revenue from FY2023; ebit=backcast_revenue from FY2023; da=backcast_revenue from FY2023
Adani Ports and Special Economic Zone Limited,2022,(XGBoost) Intrinsic Value,1326.41,no,directly computed from reported figures
Adani Ports and Special Economic Zone Limited,2022,(Random Forest) Intrinsic Value,1393.03,no,directly computed from reported figures
Adani Ports and Special Economic Zone Limited,2022,(LightGBM) Intrinsic Value,1578.94,no,directly computed from reported figures
Adani Ports and Special Economic Zone Limited,2021,Market Price,415.41,no,directly computed from reported figures
Adani Ports and Special Economic Zone Limited,2021,(DCF) Intrinsic Value,22.22,YES,ebit=backcast_revenue from FY2023; da=backcast_revenue from FY2023; capex=backcast_revenue from FY2023; ocf=backcast_revenue from FY2023
Adani Ports and Special Economic Zone Limited,2021,(P/E Relative Valuation) Intrinsic Value,321.81,YES,sector median including self (too few peers); eps=derived (Net Income / Shares); net_income=backcast_revenue from FY2023
Adani Ports and Special Economic Zone Limited,2021,(EV/EBITDA Valuation) Intrinsic Value,281.43,YES,sector median including self (too few peers); ebitda=backcast_revenue from FY2023; ebit=backcast_revenue from FY2023; da=backcast_revenue from FY2023
Adani Ports and Special Economic Zone Limited,2021,(XGBoost) Intrinsic Value,424.39,YES,leave-one-year-out fold (training included years after FY2021; not a forward-looking prediction)
Adani Ports and Special Economic Zone Limited,2021,(Random Forest) Intrinsic Value,489.26,YES,leave-one-year-out fold (training included years after FY2021; not a forward-looking prediction)
Adani Ports and Special Economic Zone Limited,2021,(LightGBM) Intrinsic Value,472.63,YES,leave-one-year-out fold (training included years after FY2021; not a forward-looking prediction)
Kalpataru Projects International Limited,2025,Market Price,1196.28,no,directly computed from reported figures
Kalpataru Projects International Limited,2025,(DCF) Intrinsic Value,92.38,no,directly computed from reported figures
Kalpataru Projects International Limited,2025,(P/E Relative Valuation) Intrinsic Value,1055.43,YES,sector median including self (too few peers)
Kalpataru Projects International Limited,2025,(EV/EBITDA Valuation) Intrinsic Value,1429.23,YES,sector median including self (too few peers)
Kalpataru Projects International Limited,2025,(XGBoost) Intrinsic Value,1693.03,no,directly computed from reported figures
Kalpataru Projects International Limited,2025,(Random Forest) Intrinsic Value,1664.66,no,directly computed from reported figures
Kalpataru Projects International Limited,2025,(LightGBM) Intrinsic Value,1717.6,no,directly computed from reported figures
Kalpataru Projects International Limited,2024,Market Price,673.67,no,directly computed from reported figures
Kalpataru Projects International Limited,2024,(DCF) Intrinsic Value,468.24,no,directly computed from reported figures
Kalpataru Projects International Limited,2024,(P/E Relative Valuation) Intrinsic Value,713.29,YES,sector median including self (too few peers)
Kalpataru Projects International Limited,2024,(EV/EBITDA Valuation) Intrinsic Value,998.48,YES,sector median including self (too few peers)
Kalpataru Projects International Limited,2024,(XGBoost) Intrinsic Value,870.45,no,directly computed from reported figures
Kalpataru Projects International Limited,2024,(Random Forest) Intrinsic Value,876.0,no,directly computed from reported figures
Kalpataru Projects International Limited,2024,(LightGBM) Intrinsic Value,979.78,no,directly computed from reported figures
Kalpataru Projects International Limited,2023,Market Price,444.29,no,directly computed from reported figures
Kalpataru Projects International Limited,2023,(DCF) Intrinsic Value,966.17,YES,normalised FCFF (median of 2 positive years; FY2023 reported negative)
Kalpataru Projects International Limited,2023,(P/E Relative Valuation) Intrinsic Value,679.32,YES,sector median including self (too few peers)
Kalpataru Projects International Limited,2023,(EV/EBITDA Valuation) Intrinsic Value,983.52,YES,sector median including self (too few peers)
Kalpataru Projects International Limited,2023,(XGBoost) Intrinsic Value,446.38,no,directly computed from reported figures
Kalpataru Projects International Limited,2023,(Random Forest) Intrinsic Value,606.34,no,directly computed from reported figures
Kalpataru Projects International Limited,2023,(LightGBM) Intrinsic Value,461.12,no,directly computed from reported figures
Kalpataru Projects International Limited,2022,Market Price,403.98,no,directly computed from reported figures
Kalpataru Projects International Limited,2022,(DCF) Intrinsic Value,818.09,YES,ebit=backcast_revenue from FY2023; da=backcast_revenue from FY2023; capex=backcast_revenue from FY2023; ocf=backcast_revenue from FY2023
Kalpataru Projects International Limited,2022,(P/E Relative Valuation) Intrinsic Value,628.89,YES,sector median including self (too few peers); eps=derived (Net Income / Shares); net_income=backcast_revenue from FY2023
Kalpataru Projects International Limited,2022,(EV/EBITDA Valuation) Intrinsic Value,826.42,YES,sector median including self (too few peers); ebitda=backcast_revenue from FY2023; ebit=backcast_revenue from FY2023; da=backcast_revenue from FY2023
Kalpataru Projects International Limited,2022,(XGBoost) Intrinsic Value,600.55,no,directly computed from reported figures
Kalpataru Projects International Limited,2022,(Random Forest) Intrinsic Value,695.33,no,directly computed from reported figures
Kalpataru Projects International Limited,2022,(LightGBM) Intrinsic Value,433.83,no,directly computed from reported figures
Kalpataru Projects International Limited,2021,Market Price,274.02,no,directly computed from reported figures
Kalpataru Projects International Limited,2021,(DCF) Intrinsic Value,486.79,YES,ebit=backcast_revenue from FY2023; da=backcast_revenue from FY2023; capex=backcast_revenue from FY2023; ocf=backcast_revenue from FY2023
Kalpataru Projects International Limited,2021,(P/E Relative Valuation) Intrinsic Value,386.39,YES,sector median including self (too few peers); eps=derived (Net Income / Shares); net_income=backcast_revenue from FY2023
Kalpataru Projects International Limited,2021,(EV/EBITDA Valuation) Intrinsic Value,523.0,YES,sector median including self (too few peers); ebitda=backcast_revenue from FY2023; ebit=backcast_revenue from FY2023; da=backcast_revenue from FY2023
Kalpataru Projects International Limited,2021,(XGBoost) Intrinsic Value,281.22,YES,leave-one-year-out fold (training included years after FY2021; not a forward-looking prediction)
Kalpataru Projects International Limited,2021,(Random Forest) Intrinsic Value,310.54,YES,leave-one-year-out fold (training included years after FY2021; not a forward-looking prediction)
Kalpataru Projects International Limited,2021,(LightGBM) Intrinsic Value,240.74,YES,leave-one-year-out fold (training included years after FY2021; not a forward-looking prediction)
Hindalco Industries Limited,2025,Market Price,657.35,no,directly computed from reported figures
Hindalco Industries Limited,2025,(DCF) Intrinsic Value,70.97,no,directly computed from reported figures
Hindalco Industries Limited,2025,(P/E Relative Valuation) Intrinsic Value,883.04,no,directly computed from reported figures
Hindalco Industries Limited,2025,(EV/EBITDA Valuation) Intrinsic Value,1047.57,no,directly computed from reported figures
Hindalco Industries Limited,2025,(XGBoost) Intrinsic Value,1495.86,no,directly computed from reported figures
Hindalco Industries Limited,2025,(Random Forest) Intrinsic Value,1144.04,no,directly computed from reported figures
Hindalco Industries Limited,2025,(LightGBM) Intrinsic Value,1367.61,no,directly computed from reported figures
Hindalco Industries Limited,2024,Market Price,483.34,no,directly computed from reported figures
Hindalco Industries Limited,2024,(DCF) Intrinsic Value,371.88,no,directly computed from reported figures
Hindalco Industries Limited,2024,(P/E Relative Valuation) Intrinsic Value,1035.67,no,directly computed from reported figures
Hindalco Industries Limited,2024,(EV/EBITDA Valuation) Intrinsic Value,735.16,no,directly computed from reported figures
Hindalco Industries Limited,2024,(XGBoost) Intrinsic Value,691.55,no,directly computed from reported figures
Hindalco Industries Limited,2024,(Random Forest) Intrinsic Value,637.01,no,directly computed from reported figures
Hindalco Industries Limited,2024,(LightGBM) Intrinsic Value,701.89,no,directly computed from reported figures
Hindalco Industries Limited,2023,Market Price,427.76,no,directly computed from reported figures
Hindalco Industries Limited,2023,(DCF) Intrinsic Value,648.21,no,directly computed from reported figures
Hindalco Industries Limited,2023,(P/E Relative Valuation) Intrinsic Value,657.66,no,directly computed from reported figures
Hindalco Industries Limited,2023,(EV/EBITDA Valuation) Intrinsic Value,687.98,no,directly computed from reported figures
Hindalco Industries Limited,2023,(XGBoost) Intrinsic Value,529.94,no,directly computed from reported figures
Hindalco Industries Limited,2023,(Random Forest) Intrinsic Value,493.9,no,directly computed from reported figures
Hindalco Industries Limited,2023,(LightGBM) Intrinsic Value,564.3,no,directly computed from reported figures
Hindalco Industries Limited,2022,Market Price,453.96,no,directly computed from reported figures
Hindalco Industries Limited,2022,(DCF) Intrinsic Value,595.17,YES,ebit=backcast_revenue from FY2023; da=backcast_revenue from FY2023; capex=backcast_revenue from FY2023; ocf=backcast_revenue from FY2023
Hindalco Industries Limited,2022,(P/E Relative Valuation) Intrinsic Value,391.32,YES,sector median including self (too few peers); eps=derived (Net Income / Shares); net_income=backcast_revenue from FY2023
Hindalco Industries Limited,2022,(EV/EBITDA Valuation) Intrinsic Value,339.14,YES,sector median including self (too few peers); ebitda=backcast_revenue from FY2023; ebit=backcast_revenue from FY2023; da=backcast_revenue from FY2023
Hindalco Industries Limited,2022,(XGBoost) Intrinsic Value,1116.99,no,directly computed from reported figures
Hindalco Industries Limited,2022,(Random Forest) Intrinsic Value,814.04,no,directly computed from reported figures
Hindalco Industries Limited,2022,(LightGBM) Intrinsic Value,863.6,no,directly computed from reported figures
Hindalco Industries Limited,2021,Market Price,200.97,no,directly computed from reported figures
Hindalco Industries Limited,2021,(DCF) Intrinsic Value,699.54,YES,ebit=backcast_revenue from FY2023; da=backcast_revenue from FY2023; capex=backcast_revenue from FY2023; ocf=backcast_revenue from FY2023
Hindalco Industries Limited,2021,(P/E Relative Valuation) Intrinsic Value,144.41,YES,sector median including self (too few peers); eps=derived (Net Income / Shares); net_income=backcast_revenue from FY2023
Hindalco Industries Limited,2021,(EV/EBITDA Valuation) Intrinsic Value,200.97,YES,sector median including self (too few peers); ebitda=backcast_revenue from FY2023; ebit=backcast_revenue from FY2023; da=backcast_revenue from FY2023
Hindalco Industries Limited,2021,(XGBoost) Intrinsic Value,245.22,YES,leave-one-year-out fold (training included years after FY2021; not a forward-looking prediction)
Hindalco Industries Limited,2021,(Random Forest) Intrinsic Value,244.7,YES,leave-one-year-out fold (training included years after FY2021; not a forward-looking prediction)
Hindalco Industries Limited,2021,(LightGBM) Intrinsic Value,242.24,YES,leave-one-year-out fold (training included years after FY2021; not a forward-looking prediction)
Vedanta Limited,2025,Market Price,445.1,no,directly computed from reported figures
Vedanta Limited,2025,(DCF) Intrinsic Value,251.07,no,directly computed from reported figures
Vedanta Limited,2025,(P/E Relative Valuation) Intrinsic Value,428.72,no,directly computed from reported figures
Vedanta Limited,2025,(EV/EBITDA Valuation) Intrinsic Value,307.81,no,directly computed from reported figures
Vedanta Limited,2025,(XGBoost) Intrinsic Value,618.75,no,directly computed from reported figures
Vedanta Limited,2025,(Random Forest) Intrinsic Value,674.59,no,directly computed from reported figures
Vedanta Limited,2025,(LightGBM) Intrinsic Value,572.32,no,directly computed from reported figures
Vedanta Limited,2024,Market Price,259.23,no,directly computed from reported figures
Vedanta Limited,2024,(DCF) Intrinsic Value,1146.98,no,directly computed from reported figures
Vedanta Limited,2024,(P/E Relative Valuation) Intrinsic Value,187.41,no,directly computed from reported figures
Vedanta Limited,2024,(EV/EBITDA Valuation) Intrinsic Value,812.4,no,directly computed from reported figures
Vedanta Limited,2024,(XGBoost) Intrinsic Value,264.65,no,directly computed from reported figures
Vedanta Limited,2024,(Random Forest) Intrinsic Value,340.66,no,directly computed from reported figures
Vedanta Limited,2024,(LightGBM) Intrinsic Value,290.17,no,directly computed from reported figures
Vedanta Limited,2023,Market Price,298.87,no,directly computed from reported figures
Vedanta Limited,2023,(DCF) Intrinsic Value,1559.42,no,directly computed from reported figures
Vedanta Limited,2023,(P/E Relative Valuation) Intrinsic Value,394.7,no,directly computed from reported figures
Vedanta Limited,2023,(EV/EBITDA Valuation) Intrinsic Value,725.75,no,directly computed from reported figures
Vedanta Limited,2023,(XGBoost) Intrinsic Value,304.94,no,directly computed from reported figures
Vedanta Limited,2023,(Random Forest) Intrinsic Value,370.67,no,directly computed from reported figures
Vedanta Limited,2023,(LightGBM) Intrinsic Value,346.81,no,directly computed from reported figures
Vedanta Limited,2022,Market Price,310.68,no,directly computed from reported figures
Vedanta Limited,2022,(DCF) Intrinsic Value,1460.27,YES,ebit=backcast_revenue from FY2023; da=backcast_revenue from FY2023; capex=backcast_revenue from FY2023; ocf=backcast_revenue from FY2023
Vedanta Limited,2022,(P/E Relative Valuation) Intrinsic Value,369.88,YES,sector median including self (too few peers); eps=derived (Net Income / Shares); net_income=backcast_revenue from FY2023
Vedanta Limited,2022,(EV/EBITDA Valuation) Intrinsic Value,469.7,YES,sector median including self (too few peers); ebitda=backcast_revenue from FY2023; ebit=backcast_revenue from FY2023; da=backcast_revenue from FY2023
Vedanta Limited,2022,(XGBoost) Intrinsic Value,699.45,no,directly computed from reported figures
Vedanta Limited,2022,(Random Forest) Intrinsic Value,563.96,no,directly computed from reported figures
Vedanta Limited,2022,(LightGBM) Intrinsic Value,593.26,no,directly computed from reported figures
Vedanta Limited,2021,Market Price,131.83,no,directly computed from reported figures
Vedanta Limited,2021,(DCF) Intrinsic Value,2925.07,YES,ebit=backcast_revenue from FY2023; da=backcast_revenue from FY2023; capex=backcast_revenue from FY2023; ocf=backcast_revenue from FY2023
Vedanta Limited,2021,(P/E Relative Valuation) Intrinsic Value,216.71,YES,sector median including self (too few peers); eps=derived (Net Income / Shares); net_income=backcast_revenue from FY2023
Vedanta Limited,2021,(EV/EBITDA Valuation) Intrinsic Value,441.92,YES,sector median including self (too few peers); ebitda=backcast_revenue from FY2023; ebit=backcast_revenue from FY2023; da=backcast_revenue from FY2023
Vedanta Limited,2021,(XGBoost) Intrinsic Value,146.05,YES,leave-one-year-out fold (training included years after FY2021; not a forward-looking prediction)
Vedanta Limited,2021,(Random Forest) Intrinsic Value,177.32,YES,leave-one-year-out fold (training included years after FY2021; not a forward-looking prediction)
Vedanta Limited,2021,(LightGBM) Intrinsic Value,125.08,YES,leave-one-year-out fold (training included years after FY2021; not a forward-looking prediction)
Mahalaxmi Rubtech Limited,2025,Market Price,206.09,no,directly computed from reported figures
Mahalaxmi Rubtech Limited,2025,(DCF) Intrinsic Value,992.39,no,directly computed from reported figures
Mahalaxmi Rubtech Limited,2025,(P/E Relative Valuation) Intrinsic Value,163.19,no,directly computed from reported figures
Mahalaxmi Rubtech Limited,2025,(EV/EBITDA Valuation) Intrinsic Value,192.3,no,directly computed from reported figures
Mahalaxmi Rubtech Limited,2025,(XGBoost) Intrinsic Value,291.02,no,directly computed from reported figures
Mahalaxmi Rubtech Limited,2025,(Random Forest) Intrinsic Value,316.27,no,directly computed from reported figures
Mahalaxmi Rubtech Limited,2025,(LightGBM) Intrinsic Value,303.81,no,directly computed from reported figures
Mahalaxmi Rubtech Limited,2024,Market Price,233.72,no,directly computed from reported figures
Mahalaxmi Rubtech Limited,2024,(DCF) Intrinsic Value,697.09,no,directly computed from reported figures
Mahalaxmi Rubtech Limited,2024,(P/E Relative Valuation) Intrinsic Value,173.86,no,directly computed from reported figures
Mahalaxmi Rubtech Limited,2024,(EV/EBITDA Valuation) Intrinsic Value,95.6,no,directly computed from reported figures
Mahalaxmi Rubtech Limited,2024,(XGBoost) Intrinsic Value,288.5,no,directly computed from reported figures
Mahalaxmi Rubtech Limited,2024,(Random Forest) Intrinsic Value,328.11,no,directly computed from reported figures
Mahalaxmi Rubtech Limited,2024,(LightGBM) Intrinsic Value,299.44,no,directly computed from reported figures
Mahalaxmi Rubtech Limited,2023,Market Price,189.05,no,directly computed from reported figures
Mahalaxmi Rubtech Limited,2023,(DCF) Intrinsic Value,520.38,YES,normalised FCFF (median of 2 positive years; FY2023 reported negative)
Mahalaxmi Rubtech Limited,2023,(P/E Relative Valuation) Intrinsic Value,102.42,no,directly computed from reported figures
Mahalaxmi Rubtech Limited,2023,(EV/EBITDA Valuation) Intrinsic Value,76.11,no,directly computed from reported figures
Mahalaxmi Rubtech Limited,2023,(XGBoost) Intrinsic Value,395.55,no,directly computed from reported figures
Mahalaxmi Rubtech Limited,2023,(Random Forest) Intrinsic Value,302.57,no,directly computed from reported figures
Mahalaxmi Rubtech Limited,2023,(LightGBM) Intrinsic Value,350.12,no,directly computed from reported figures
Mahalaxmi Rubtech Limited,2022,(DCF) Intrinsic Value,560.25,YES,ebit=backcast_revenue from FY2023; da=backcast_revenue from FY2023; capex=backcast_revenue from FY2023; ocf=backcast_revenue from FY2023
Mahalaxmi Rubtech Limited,2022,(P/E Relative Valuation) Intrinsic Value,78.88,YES,eps=derived (Net Income / Shares); net_income=backcast_revenue from FY2023
Mahalaxmi Rubtech Limited,2022,(EV/EBITDA Valuation) Intrinsic Value,47.2,YES,ebitda=backcast_revenue from FY2023; ebit=backcast_revenue from FY2023; da=backcast_revenue from FY2023
Mahalaxmi Rubtech Limited,2021,(DCF) Intrinsic Value,350.89,YES,ebit=backcast_revenue from FY2023; da=backcast_revenue from FY2023; capex=backcast_revenue from FY2023; ocf=backcast_revenue from FY2023
Mahalaxmi Rubtech Limited,2021,(P/E Relative Valuation) Intrinsic Value,26.04,YES,eps=derived (Net Income / Shares); net_income=backcast_revenue from FY2023
Mahalaxmi Rubtech Limited,2021,(EV/EBITDA Valuation) Intrinsic Value,25.02,YES,sector median including self (too few peers); ebitda=backcast_revenue from FY2023; ebit=backcast_revenue from FY2023; da=backcast_revenue from FY2023
Tech Mahindra Limited,2025,Market Price,1541.41,no,directly computed from reported figures
Tech Mahindra Limited,2025,(DCF) Intrinsic Value,2006.9,no,directly computed from reported figures
Tech Mahindra Limited,2025,(P/E Relative Valuation) Intrinsic Value,1541.41,YES,sector median including self (too few peers)
Tech Mahindra Limited,2025,(EV/EBITDA Valuation) Intrinsic Value,1541.41,YES,sector median including self (too few peers)
Tech Mahindra Limited,2025,(XGBoost) Intrinsic Value,2265.74,no,directly computed from reported figures
Tech Mahindra Limited,2025,(Random Forest) Intrinsic Value,2308.89,no,directly computed from reported figures
Tech Mahindra Limited,2025,(LightGBM) Intrinsic Value,2803.96,no,directly computed from reported figures
Tech Mahindra Limited,2024,Market Price,1196.52,no,directly computed from reported figures
Tech Mahindra Limited,2024,(DCF) Intrinsic Value,2085.66,no,directly computed from reported figures
Tech Mahindra Limited,2024,(P/E Relative Valuation) Intrinsic Value,1117.29,YES,sector median including self (too few peers)
Tech Mahindra Limited,2024,(EV/EBITDA Valuation) Intrinsic Value,1600.04,YES,sector median including self (too few peers)
Tech Mahindra Limited,2024,(XGBoost) Intrinsic Value,1304.7,no,directly computed from reported figures
Tech Mahindra Limited,2024,(Random Forest) Intrinsic Value,1389.58,no,directly computed from reported figures
Tech Mahindra Limited,2024,(LightGBM) Intrinsic Value,1244.32,no,directly computed from reported figures
Tech Mahindra Limited,2023,Market Price,1087.25,no,directly computed from reported figures
Tech Mahindra Limited,2023,(DCF) Intrinsic Value,1555.25,no,directly computed from reported figures
Tech Mahindra Limited,2023,(P/E Relative Valuation) Intrinsic Value,1087.25,YES,sector median including self (too few peers)
Tech Mahindra Limited,2023,(EV/EBITDA Valuation) Intrinsic Value,3207.22,YES,sector median including self (too few peers)
Tech Mahindra Limited,2023,(XGBoost) Intrinsic Value,1230.06,no,directly computed from reported figures
Tech Mahindra Limited,2023,(Random Forest) Intrinsic Value,1188.26,no,directly computed from reported figures
Tech Mahindra Limited,2023,(LightGBM) Intrinsic Value,1311.06,no,directly computed from reported figures
Tech Mahindra Limited,2022,Market Price,1352.05,no,directly computed from reported figures
Tech Mahindra Limited,2022,(DCF) Intrinsic Value,2117.51,YES,ebit=backcast_revenue from FY2023; da=backcast_revenue from FY2023; capex=backcast_revenue from FY2023; ocf=backcast_revenue from FY2023
Tech Mahindra Limited,2022,(P/E Relative Valuation) Intrinsic Value,1352.05,YES,sector median including self (too few peers); eps=derived (Net Income / Shares); net_income=backcast_revenue from FY2023
Tech Mahindra Limited,2022,(EV/EBITDA Valuation) Intrinsic Value,3004.49,YES,sector median including self (too few peers); ebitda=backcast_revenue from FY2023; ebit=backcast_revenue from FY2023; da=backcast_revenue from FY2023
Tech Mahindra Limited,2022,(XGBoost) Intrinsic Value,2352.06,no,directly computed from reported figures
Tech Mahindra Limited,2022,(Random Forest) Intrinsic Value,2090.54,no,directly computed from reported figures
Tech Mahindra Limited,2022,(LightGBM) Intrinsic Value,1569.81,no,directly computed from reported figures
Tech Mahindra Limited,2021,Market Price,774.57,no,directly computed from reported figures
Tech Mahindra Limited,2021,(DCF) Intrinsic Value,2783.44,YES,ebit=backcast_revenue from FY2023; da=backcast_revenue from FY2023; capex=backcast_revenue from FY2023; ocf=backcast_revenue from FY2023
Tech Mahindra Limited,2021,(P/E Relative Valuation) Intrinsic Value,774.57,YES,sector median including self (too few peers); eps=derived (Net Income / Shares); net_income=backcast_revenue from FY2023
Tech Mahindra Limited,2021,(EV/EBITDA Valuation) Intrinsic Value,1555.94,YES,sector median including self (too few peers); ebitda=backcast_revenue from FY2023; ebit=backcast_revenue from FY2023; da=backcast_revenue from FY2023
Tech Mahindra Limited,2021,(XGBoost) Intrinsic Value,777.34,YES,leave-one-year-out fold (training included years after FY2021; not a forward-looking prediction)
Tech Mahindra Limited,2021,(Random Forest) Intrinsic Value,862.46,YES,leave-one-year-out fold (training included years after FY2021; not a forward-looking prediction)
Tech Mahindra Limited,2021,(LightGBM) Intrinsic Value,732.29,YES,leave-one-year-out fold (training included years after FY2021; not a forward-looking prediction)
California Software Company Limited,2025,Market Price,16.97,no,directly computed from reported figures
California Software Company Limited,2025,(DCF) Intrinsic Value,2.99,YES,normalised FCFF (median of 2 positive years; FY2025 reported negative); capex=backcast_revenue from FY2024
California Software Company Limited,2025,(P/E Relative Valuation) Intrinsic Value,3.86,YES,sector median including self (too few peers)
California Software Company Limited,2025,(EV/EBITDA Valuation) Intrinsic Value,4.44,YES,sector median including self (too few peers)
California Software Company Limited,2025,(XGBoost) Intrinsic Value,27.41,no,directly computed from reported figures
California Software Company Limited,2025,(Random Forest) Intrinsic Value,23.76,no,directly computed from reported figures
California Software Company Limited,2025,(LightGBM) Intrinsic Value,32.79,no,directly computed from reported figures
California Software Company Limited,2024,Market Price,15.62,no,directly computed from reported figures
California Software Company Limited,2024,(DCF) Intrinsic Value,4.38,YES,normalised FCFF (median of 2 positive years; FY2024 reported negative); capex=backcast_revenue from FY2023
California Software Company Limited,2024,(P/E Relative Valuation) Intrinsic Value,16.81,YES,sector median including self (too few peers)
California Software Company Limited,2024,(EV/EBITDA Valuation) Intrinsic Value,11.74,YES,sector median including self (too few peers)
California Software Company Limited,2024,(XGBoost) Intrinsic Value,16.33,no,directly computed from reported figures
California Software Company Limited,2024,(Random Forest) Intrinsic Value,24.33,no,directly computed from reported figures
California Software Company Limited,2024,(LightGBM) Intrinsic Value,17.75,no,directly computed from reported figures
California Software Company Limited,2023,Market Price,21.68,no,directly computed from reported figures
California Software Company Limited,2023,(DCF) Intrinsic Value,4.66,YES,normalised FCFF (median of 2 positive years; FY2023 reported negative)
California Software Company Limited,2023,(P/E Relative Valuation) Intrinsic Value,1.63,YES,sector median including self (too few peers)
California Software Company Limited,2023,(EV/EBITDA Valuation) Intrinsic Value,12.01,YES,sector median including self (too few peers)
California Software Company Limited,2023,(XGBoost) Intrinsic Value,17.95,no,directly computed from reported figures
California Software Company Limited,2023,(Random Forest) Intrinsic Value,33.55,no,directly computed from reported figures
California Software Company Limited,2023,(LightGBM) Intrinsic Value,20.15,no,directly computed from reported figures
California Software Company Limited,2022,Market Price,25.97,no,directly computed from reported figures
California Software Company Limited,2022,(DCF) Intrinsic Value,12.96,YES,ebit=backcast_revenue from FY2023; da=backcast_revenue from FY2023; ocf=backcast_revenue from FY2023
California Software Company Limited,2022,(P/E Relative Valuation) Intrinsic Value,2.52,YES,sector median including self (too few peers); eps=derived (Net Income / Shares); net_income=backcast_revenue from FY2023
California Software Company Limited,2022,(EV/EBITDA Valuation) Intrinsic Value,16.76,YES,sector median including self (too few peers); ebitda=backcast_revenue from FY2023; ebit=backcast_revenue from FY2023; da=backcast_revenue from FY2023
California Software Company Limited,2022,(XGBoost) Intrinsic Value,75.76,no,directly computed from reported figures
California Software Company Limited,2022,(Random Forest) Intrinsic Value,56.66,no,directly computed from reported figures
California Software Company Limited,2022,(LightGBM) Intrinsic Value,71.95,no,directly computed from reported figures
California Software Company Limited,2021,Market Price,9.26,no,directly computed from reported figures
California Software Company Limited,2021,(DCF) Intrinsic Value,6.15,YES,ebit=backcast_revenue from FY2023; da=backcast_revenue from FY2023; capex=backcast_revenue from FY2022; ocf=backcast_revenue from FY2023
California Software Company Limited,2021,(P/E Relative Valuation) Intrinsic Value,1.03,YES,sector median including self (too few peers); eps=derived (Net Income / Shares); net_income=backcast_revenue from FY2023
California Software Company Limited,2021,(EV/EBITDA Valuation) Intrinsic Value,6.16,YES,sector median including self (too few peers); ebitda=backcast_revenue from FY2023; ebit=backcast_revenue from FY2023; da=backcast_revenue from FY2023
California Software Company Limited,2021,(XGBoost) Intrinsic Value,16.63,YES,leave-one-year-out fold (training included years after FY2021; not a forward-looking prediction)
California Software Company Limited,2021,(Random Forest) Intrinsic Value,11.01,YES,leave-one-year-out fold (training included years after FY2021; not a forward-looking prediction)
California Software Company Limited,2021,(LightGBM) Intrinsic Value,7.45,YES,leave-one-year-out fold (training included years after FY2021; not a forward-looking prediction)
Bombay Burmah Trading Corporation Limited,2025,Market Price,2125.97,no,directly computed from reported figures
Bombay Burmah Trading Corporation Limited,2025,(DCF) Intrinsic Value,11669.19,no,directly computed from reported figures
Bombay Burmah Trading Corporation Limited,2025,(P/E Relative Valuation) Intrinsic Value,2125.97,YES,sector median including self (too few peers)
Bombay Burmah Trading Corporation Limited,2025,(EV/EBITDA Valuation) Intrinsic Value,2125.97,YES,sector median including self (too few peers)
Bombay Burmah Trading Corporation Limited,2025,(XGBoost) Intrinsic Value,3359.15,no,directly computed from reported figures
Bombay Burmah Trading Corporation Limited,2025,(Random Forest) Intrinsic Value,3339.6,no,directly computed from reported figures
Bombay Burmah Trading Corporation Limited,2025,(LightGBM) Intrinsic Value,2868.6,no,directly computed from reported figures
Bombay Burmah Trading Corporation Limited,2024,Market Price,1269.75,no,directly computed from reported figures
Bombay Burmah Trading Corporation Limited,2024,(DCF) Intrinsic Value,8948.05,no,directly computed from reported figures
Bombay Burmah Trading Corporation Limited,2024,(P/E Relative Valuation) Intrinsic Value,1269.75,YES,sector median including self (too few peers)
Bombay Burmah Trading Corporation Limited,2024,(EV/EBITDA Valuation) Intrinsic Value,1269.75,YES,sector median including self (too few peers)
Bombay Burmah Trading Corporation Limited,2024,(XGBoost) Intrinsic Value,2273.67,no,directly computed from reported figures
Bombay Burmah Trading Corporation Limited,2024,(Random Forest) Intrinsic Value,1996.94,no,directly computed from reported figures
Bombay Burmah Trading Corporation Limited,2024,(LightGBM) Intrinsic Value,2653.93,no,directly computed from reported figures
Bombay Burmah Trading Corporation Limited,2023,Market Price,924.2,no,directly computed from reported figures
Bombay Burmah Trading Corporation Limited,2023,(EV/EBITDA Valuation) Intrinsic Value,924.2,YES,sector median including self (too few peers)
Bombay Burmah Trading Corporation Limited,2023,(XGBoost) Intrinsic Value,610.97,no,directly computed from reported figures
Bombay Burmah Trading Corporation Limited,2023,(Random Forest) Intrinsic Value,1023.49,no,directly computed from reported figures
Bombay Burmah Trading Corporation Limited,2023,(LightGBM) Intrinsic Value,773.57,no,directly computed from reported figures
Bombay Burmah Trading Corporation Limited,2022,Market Price,1139.87,no,directly computed from reported figures
Bombay Burmah Trading Corporation Limited,2022,(P/E Relative Valuation) Intrinsic Value,123.34,YES,own historical P/E (no sector peers); net_income=backcast_revenue from FY2023
Bombay Burmah Trading Corporation Limited,2022,(EV/EBITDA Valuation) Intrinsic Value,1139.87,YES,sector median including self (too few peers); ebitda=backcast_revenue from FY2023; ebit=backcast_revenue from FY2023; da=backcast_revenue from FY2023
Bombay Burmah Trading Corporation Limited,2022,(XGBoost) Intrinsic Value,2008.09,no,directly computed from reported figures
Bombay Burmah Trading Corporation Limited,2022,(Random Forest) Intrinsic Value,2018.34,no,directly computed from reported figures
Bombay Burmah Trading Corporation Limited,2022,(LightGBM) Intrinsic Value,1838.3,no,directly computed from reported figures
Bombay Burmah Trading Corporation Limited,2021,Market Price,1186.07,no,directly computed from reported figures
Bombay Burmah Trading Corporation Limited,2021,(EV/EBITDA Valuation) Intrinsic Value,1186.07,YES,sector median including self (too few peers); ebitda=backcast_revenue from FY2023; ebit=backcast_revenue from FY2023; da=backcast_revenue from FY2023
Bombay Burmah Trading Corporation Limited,2021,(XGBoost) Intrinsic Value,2624.36,YES,leave-one-year-out fold (training included years after FY2021; not a forward-looking prediction)
Bombay Burmah Trading Corporation Limited,2021,(Random Forest) Intrinsic Value,1764.68,YES,leave-one-year-out fold (training included years after FY2021; not a forward-looking prediction)
Bombay Burmah Trading Corporation Limited,2021,(LightGBM) Intrinsic Value,1112.41,YES,leave-one-year-out fold (training included years after FY2021; not a forward-looking prediction)
Kalyan Jewellers India Limited,2025,Market Price,561.53,no,directly computed from reported figures
Kalyan Jewellers India Limited,2025,(DCF) Intrinsic Value,99.15,no,directly computed from reported figures
Kalyan Jewellers India Limited,2025,(P/E Relative Valuation) Intrinsic Value,561.53,YES,sector median including self (too few peers)
Kalyan Jewellers India Limited,2025,(EV/EBITDA Valuation) Intrinsic Value,561.53,YES,sector median including self (too few peers)
Kalyan Jewellers India Limited,2025,(XGBoost) Intrinsic Value,913.88,no,directly computed from reported figures
Kalyan Jewellers India Limited,2025,(Random Forest) Intrinsic Value,923.84,no,directly computed from reported figures
Kalyan Jewellers India Limited,2025,(LightGBM) Intrinsic Value,984.63,no,directly computed from reported figures
Kalyan Jewellers India Limited,2024,Market Price,248.24,no,directly computed from reported figures
Kalyan Jewellers India Limited,2024,(DCF) Intrinsic Value,201.25,no,directly computed from reported figures
Kalyan Jewellers India Limited,2024,(P/E Relative Valuation) Intrinsic Value,248.24,YES,sector median including self (too few peers)
Kalyan Jewellers India Limited,2024,(EV/EBITDA Valuation) Intrinsic Value,248.24,YES,sector median including self (too few peers)
Kalyan Jewellers India Limited,2024,(XGBoost) Intrinsic Value,435.66,no,directly computed from reported figures
Kalyan Jewellers India Limited,2024,(Random Forest) Intrinsic Value,382.66,no,directly computed from reported figures
Kalyan Jewellers India Limited,2024,(LightGBM) Intrinsic Value,424.57,no,directly computed from reported figures
Kalyan Jewellers India Limited,2023,Market Price,90.07,no,directly computed from reported figures
Kalyan Jewellers India Limited,2023,(DCF) Intrinsic Value,191.8,no,directly computed from reported figures
Kalyan Jewellers India Limited,2023,(P/E Relative Valuation) Intrinsic Value,90.07,YES,sector median including self (too few peers)
Kalyan Jewellers India Limited,2023,(EV/EBITDA Valuation) Intrinsic Value,90.07,YES,sector median including self (too few peers)
Kalyan Jewellers India Limited,2023,(XGBoost) Intrinsic Value,106.68,no,directly computed from reported figures
Kalyan Jewellers India Limited,2023,(Random Forest) Intrinsic Value,124.58,no,directly computed from reported figures
Kalyan Jewellers India Limited,2023,(LightGBM) Intrinsic Value,105.2,no,directly computed from reported figures
Kalyan Jewellers India Limited,2022,Market Price,69.24,no,directly computed from reported figures
Kalyan Jewellers India Limited,2022,(DCF) Intrinsic Value,118.81,YES,ebit=backcast_revenue from FY2023; da=backcast_revenue from FY2023; capex=backcast_revenue from FY2023; ocf=backcast_revenue from FY2023
Kalyan Jewellers India Limited,2022,(P/E Relative Valuation) Intrinsic Value,69.24,YES,sector median including self (too few peers); eps=derived (Net Income / Shares); net_income=backcast_revenue from FY2023
Kalyan Jewellers India Limited,2022,(EV/EBITDA Valuation) Intrinsic Value,69.24,YES,sector median including self (too few peers); ebitda=backcast_revenue from FY2023; ebit=backcast_revenue from FY2023; da=backcast_revenue from FY2023
Kalyan Jewellers India Limited,2022,(XGBoost) Intrinsic Value,128.65,no,directly computed from reported figures
Kalyan Jewellers India Limited,2022,(Random Forest) Intrinsic Value,117.6,no,directly computed from reported figures
Kalyan Jewellers India Limited,2022,(LightGBM) Intrinsic Value,108.05,no,directly computed from reported figures
Kalyan Jewellers India Limited,2021,(DCF) Intrinsic Value,59.94,YES,ebit=backcast_revenue from FY2023; da=backcast_revenue from FY2023; capex=backcast_revenue from FY2023; ocf=backcast_revenue from FY2023
Kalyan Jewellers India Limited,2021,(P/E Relative Valuation) Intrinsic Value,76.42,YES,own historical P/E (no sector peers); eps=derived (Net Income / Shares); net_income=backcast_revenue from FY2023
Kalyan Jewellers India Limited,2021,(EV/EBITDA Valuation) Intrinsic Value,102.03,YES,own historical EV/EBITDA; ebitda=backcast_revenue from FY2023; ebit=backcast_revenue from FY2023; da=backcast_revenue from FY2023
