company,sector,fy,price,label,ebitda_margin,net_margin,roe,roce,debt_to_equity,net_debt_to_ebitda,interest_free_proxy,capex_to_revenue,ocf_to_ebitda,accruals_ratio,asset_turnover,earnings_yield,book_to_price,fcf_yield,ev_ebitda,revenue_growth_1y,ebitda_growth_1y,eps_growth_1y,beta,log_market_cap,cap_tier_ord,sector_Automobile and Auto Components,sector_Banking Financial Services and Insurance,sector_Cement and Building Materials,sector_Defence and Aerospace,sector_IT and Software,sector_Infrastructure and Construction,sector_Jewellery and Retail,sector_Metals Mining and Materials,sector_Oil Gas and Energy,sector_Pharmaceuticals and Healthcare,sector_Trading and Diversified
Garden Reach Shipbuilders and Engineers Limited,Defence and Aerospace,2021,189.01927730453062,1.1175287432315948,0.13771087885835093,0.08953633301217206,0.1613532156731686,0.20305100322759387,0.0,0.0,1.0,0.016585989089098786,4.133309430495897,-0.11341098934841165,0.2364377402205032,0.05288578866368469,0.32776408231496473,0.32640957425169514,12.29396772462028,0.10272177857650111,0.1526252410070073,0.15524138696701434,0.691,23.798388432514617,2.0,0.0,0.0,0.0,1.0,0.0,0.0,0.0,0.0,0.0,0.0,0.0
Garden Reach Shipbuilders and Engineers Limited,Defence and Aerospace,2022,211.2344754126764,1.7496592538562519,0.13771087885835093,0.08953633301217205,0.16135321567316857,0.20305100322759403,0.0,0.0,1.0,0.016585989089098783,4.133309430495897,-0.1134109893484117,0.23643774022050326,0.06679468287167313,0.4139656132231669,0.41225487128626276,9.733951131582673,0.41143736134525327,0.4114373613452533,0.41143736134525294,0.691,23.90950820070204,2.0,0.0,0.0,0.0,1.0,0.0,0.0,0.0,0.0,0.0,0.0,0.0
Garden Reach Shipbuilders and Engineers Limited,Defence and Aerospace,2023,369.58835463926016,1.92761337700592,0.13771087885835093,0.08953633301217205,0.16135321567316857,0.2030510032275939,0.2207551540421589,-10.9153389238992,0.0,0.016585989089098786,4.133309430495897,-0.11341098934841168,0.23643774022050323,0.05387074497905467,0.3339430414965704,0.3325629984510203,1.1511531078305433,0.41143736134525377,0.41143736134525377,0.4111220146941649,0.691,24.46892925759646,2.0,0.0,0.0,0.0,1.0,0.0,0.0,0.0,0.0,0.0,0.0,0.0
Garden Reach Shipbuilders and Engineers Limited,Defence and Aerospace,2024,712.4234563882459,2.25134628226185,0.14873685060325686,0.09956008743687514,0.2134931248460879,0.2742375736420548,0.03924290274356596,-6.211893055133739,0.0,0.013395456121591442,-1.324423446991747,0.10380126175718823,0.3500287668371933,0.04378014188095814,0.20505434396920647,-0.09250910813585847,9.078329966102451,0.4084350051879296,0.5212028903432632,0.5665494726268208,0.691,25.125211903077275,2.0,0.0,0.0,0.0,1.0,0.0,0.0,0.0,0.0,0.0,0.0,0.0
Garden Reach Shipbuilders and Engineers Limited,Defence and Aerospace,2025,1603.9118999358147,1.5652196958579607,0.1489659814964581,0.10390785075291374,0.25364946723414994,0.3236360911957514,0.004650110539198901,-4.810265719778528,0.0,0.013211352621241847,0.020615396172594065,0.049430648737932945,0.49020417439172864,0.0287048185139361,0.11316864461125908,-0.0028013351850590274,19.48944987010365,0.4144461176150871,0.41662508873757415,0.47611413914716244,0.691,25.936740288026947,2.0,0.0,0.0,0.0,1.0,0.0,0.0,0.0,0.0,0.0,0.0,0.0
Bharat Electronics Limited,Defence and Aerospace,2021,34.32891517087638,1.8137277425737957,0.25087766272240347,0.1714771968573067,0.2153007979581045,0.26381220189221183,0.0,0.0,1.0,0.03392575806501656,0.2746614998442624,0.05029870810119813,0.4903805650813991,0.08953896763277533,0.4158784755186962,0.018265598972165425,7.6336509480779915,0.10272177857650111,0.1526252410070073,0.15524138696701434,0.28,26.248466861237205,2.0,0.0,0.0,0.0,1.0,0.0,0.0,0.0,0.0,0.0,0.0,0.0
Bharat Electronics Limited,Defence and Aerospace,2022,62.26330581788094,1.506985827974068,0.25087766272240347,0.1714771968573067,0.2153007979581045,0.2638122018922119,0.0,0.0,1.0,0.03392575806501657,0.2746614998442624,0.05029870810119813,0.4903805650813991,0.05689600303796807,0.26426285261162613,0.011606561948232933,12.013308293444409,0.15250222199068544,0.1525022219906855,0.15250222199068567,0.28,26.843851114881986,2.0,0.0,0.0,0.0,1.0,0.0,0.0,0.0,0.0,0.0,0.0,0.0
Bharat Electronics Limited,Defence and Aerospace,2023,93.82991947036192,1.5466102245332694,0.25087766272240347,0.1714771968573067,0.2153007979581045,0.2638122018922119,0.004425165005847075,-1.8715691932794665,0.0,0.03392575806501656,0.27466149984426247,0.05029870810119813,0.4903805650813991,0.04358950772937527,0.20210112077426712,0.008876386351286361,13.836760907840617,0.15250222199068522,0.15250222199068514,0.15454103784230566,0.28,27.253962630350784,2.0,0.0,0.0,0.0,1.0,0.0,0.0,0.0,0.0,0.0,0.0,0.0
Bharat Electronics Limited,Defence and Aerospace,2024,145.11831281999503,1.9491843139786105,0.2871705243126394,0.20017191237191348,0.24405275604585683,0.30131914662613324,0.003828751714240739,-1.9367857011652703,0.0,0.03278140854608452,0.815127696907249,-0.017076314023844148,0.5035963050779878,0.03755556341645309,0.1539096453124808,0.03777361501790026,16.620468780372498,0.1437189226955823,0.3091734000256509,0.33251833740831305,0.28,27.690028214496298,2.0,0.0,0.0,0.0,1.0,0.0,0.0,0.0,0.0,0.0,0.0,0.0
Bharat Electronics Limited,Defence and Aerospace,2025,282.8623390197754,1.3994404107504665,0.3277099834323213,0.2301929723626894,0.26641981106334317,0.33722102990039526,0.003065502012877812,-1.2587934955786673,0.0,0.04374559312722506,0.07448351784703074,0.11650632618744285,0.5661583871026203,0.025736900943504688,0.09660137069750512,-0.002161911310991087,26.034288755970348,0.1613529734761616,0.32529953973482706,0.3357798165137615,0.28,28.357439199036094,2.0,0.0,0.0,0.0,1.0,0.0,0.0,0.0,0.0,0.0,0.0,0.0
Hindustan Aeronautics Limited,Defence and Aerospace,2021,415.9312247770378,1.4757489794773928,0.33950606512153003,0.22107800441265288,0.24722988781252453,0.18054140952971603,0.0,0.0,1.0,0.0675714021249928,0.9866082951471412,-0.04466979545799493,0.39224805740151597,0.18345057845511217,0.7420242757794053,0.22187870465066353,3.549595891628649,0.10272177857650111,0.1526252410070073,0.15524138696701434,0.502,26.3514781601917,2.0,0.0,0.0,0.0,1.0,0.0,0.0,0.0,0.0,0.0,0.0,0.0
Hindustan Aeronautics Limited,Defence and Aerospace,2022,613.8100804974956,1.8319750285443526,0.33950606512153003,0.22107800441265285,0.24722988781252453,0.18054140952971598,0.0,0.0,1.0,0.0675714021249928,0.9866082951471411,-0.04466979545799493,0.39224805740151597,0.13284535008022427,0.537335316759766,0.16067299674324195,4.901755456310103,0.06866051587391342,0.06866051587391349,0.06866051587391328,0.502,26.740643803802012,2.0,0.0,0.0,0.0,1.0,0.0,0.0,0.0,0.0,0.0,0.0,0.0
Hindustan Aeronautics Limited,Defence and Aerospace,2023,1124.484739740211,1.9558236328543734,0.33950606512153003,0.22107800441265285,0.24722988781252453,0.180541409529716,0.00011242080166637324,-2.268283280649238,0.0,0.0675714021249928,0.9866082951471411,-0.04466979545799493,0.39224805740151597,0.07749327040234615,0.31344806990193214,0.09372665288078383,6.134659897847154,0.0686605158739136,0.06866051587391356,0.0686541619379324,0.502,27.34603843925382,2.0,0.0,0.0,0.0,1.0,0.0,0.0,0.0,0.0,0.0,0.0,0.0
Hindustan Aeronautics Limited,Defence and Aerospace,2024,2199.293828768004,1.9704480159991489,0.41471314080370997,0.27061561897457204,0.26154868339363796,0.24555377733515119,3.775116968567346e-05,-2.262995211107696,0.0,0.06232427499565015,0.7040622102197855,-0.007705597195627182,0.3606099633805825,0.0518120855474015,0.19810661946159483,0.04397270924566587,10.330710390897266,0.06833466360350463,0.3049911895208373,0.30766582510902,0.502,28.01684983954877,2.0,0.0,0.0,0.0,1.0,0.0,0.0,0.0,0.0,0.0,0.0,0.0
Hindustan Aeronautics Limited,Defence and Aerospace,2025,4333.594161495085,1.0449639346592008,0.40653499504562246,0.2778347825538147,0.2391007732348511,0.17493421433580605,3.3160280501669304e-05,-3.1196769894620386,0.0,0.05836034186035465,1.1147883624039003,-0.049679933111784154,0.28329333183396327,0.02886057054240884,0.1207011828560676,0.041013533627124704,20.561112212529654,0.0689864675323753,0.04790604763547907,0.09758666081614735,0.502,28.695110775731727,2.0,0.0,0.0,0.0,1.0,0.0,0.0,0.0,0.0,0.0,0.0,0.0
Apollo Micro Systems Limited,Defence and Aerospace,2021,10.852269084578058,1.1025696967468666,0.1725839086331951,0.06302138300518274,0.04889414816539706,0.09906183269913815,0.0,0.0,1.0,0.11230648750025209,-0.3172165723433343,0.0505882349544072,0.42955892556993513,0.024612305681089706,0.5033793736999412,-0.06524069141329186,14.83663213200244,0.10272177857650111,0.1526252410070073,0.15524138696701434,1.334,22.117701442003604,1.0,0.0,0.0,0.0,1.0,0.0,0.0,0.0,0.0,0.0,0.0,0.0
Apollo Micro Systems Limited,Defence and Aerospace,2022,11.965383033598624,1.7240128320931012,0.1725839086331951,0.06302138300518274,0.04889414816539706,0.09906183269913818,0.0,0.0,1.0,0.11230648750025209,-0.3172165723433343,0.05058823495440721,0.4295589255699352,0.03068164780231462,0.627511654329799,-0.08132890685898096,11.90169862008434,0.3744610338999513,0.3744610338999513,0.3744610338999509,1.334,22.215344985348317,1.0,0.0,0.0,0.0,1.0,0.0,0.0,0.0,0.0,0.0,0.0,0.0
Apollo Micro Systems Limited,Defence and Aerospace,2023,20.628473890833106,3.802446212086788,0.1725839086331951,0.06302138300518274,0.04889414816539706,0.09906183269913817,0.3745843782277426,2.7927249640688476,0.0,0.11230648750025207,-0.31721657234333434,0.05058823495440721,0.4295589255699352,0.029657210864826238,0.8953240143848233,-0.11603883827828118,11.134347070067404,0.3744610338999512,0.37446103389995106,0.6664493518889223,1.334,22.177983227745127,1.0,0.0,0.0,0.0,1.0,0.0,0.0,0.0,0.0,0.0,0.0,0.0
Apollo Micro Systems Limited,Defence and Aerospace,2024,78.43866240732955,1.3954981465892982,0.18918764742319194,0.08373664210667371,0.06001581424053074,0.1045423382918002,0.401227339350459,2.9562215717565135,0.0,0.14931429884547762,-1.0785480012402466,0.11184485245189836,0.38864085161821704,0.014855824465093294,0.23411751914019083,-0.05929311075709436,34.457135111861746,0.24908142481665468,0.3692515024869421,0.9047129456032613,1.334,23.8210063218363,1.0,0.0,0.0,0.0,1.0,0.0,0.0,0.0,0.0,0.0,0.0,0.0
Apollo Micro Systems Limited,Defence and Aerospace,2025,109.46100801037204,2.0459366060214053,0.23501554612848383,0.10033693360177003,0.09292462708663664,0.1616292477786068,0.5525545486046634,2.2338301979635866,0.0,0.16406307266080405,0.07748665732995193,0.03552220465804779,0.43253107414716835,0.016992352197448747,0.1809025365138185,-0.024435911696326168,27.631200410504107,0.512425928507118,0.8787886545884857,0.5961952198244015,1.334,24.236262645381746,1.0,0.0,0.0,0.0,1.0,0.0,0.0,0.0,0.0,0.0,0.0,0.0
Sigma Advanced Systems Limited,Defence and Aerospace,2021,6.936629574940387,4.207456170605731,12.316590563165907,4.479604261796043,0.045669084440711084,0.060621563691598844,0.0,0.0,1.0,0.7831557584982243,0.6273068050749712,-0.01697421241744594,0.00522818050299818,0.023833507067846222,0.52187398455048,0.03694054578197239,15.260233950750324,0.10272177857650111,0.1526252410070073,0.15524138696701434,1.703,20.924171591128818,1.0,0.0,0.0,0.0,1.0,0.0,0.0,0.0,0.0,0.0,0.0,0.0
Sigma Advanced Systems Limited,Defence and Aerospace,2022,29.18556490828914,1.292057831397389,12.316590563165907,4.479604261796043,0.045669084440711084,0.060621563691598844,0.0,0.0,1.0,0.7831557584982243,0.6273068050749712,-0.01697421241744594,0.00522818050299818,0.005664588316891488,0.12403551300104161,0.00877978148412992,64.20676550097154,0.0,0.0,0.0,1.703,22.36102982118905,1.0,0.0,0.0,0.0,1.0,0.0,0.0,0.0,0.0,0.0,0.0,0.0
Sigma Advanced Systems Limited,Defence and Aerospace,2023,37.7094377035118,1.308188956148104,12.316590563165907,4.479604261796043,0.045669084440711084,0.060621563691598844,0.7541577420407682,5.911875926841325,0.0,0.7831557584982243,0.6273068050749712,-0.01697421241744594,0.00522818050299818,0.03182227243574747,0.6949825287448751,0.04919393317312925,17.371040391641998,2.0303030303030303,2.0303030303030303,6.258465048706631,1.703,21.746373658729887,1.0,0.0,0.0,0.0,1.0,0.0,0.0,0.0,0.0,0.0,0.0,0.0
Sigma Advanced Systems Limited,Defence and Aerospace,2024,49.33106994628906,1.4193191475569418,0.23817908586791567,0.1498659999043943,-0.07058492579407072,0.07436704672392526,0.8142800106099445,4.5656602196459115,0.0,0.04755284177086734,0.7897945780403258,-0.09629551486377277,0.0,-0.035069176522698545,0.4962286503164151,0.03105611010500888,17.346688813341757,-1.0,0.1728909210743121,-2.4416666666666664,1.703,22.01501736321821,1.0,0.0,0.0,0.0,1.0,0.0,0.0,0.0,0.0,0.0,0.0,0.0
Sigma Advanced Systems Limited,Defence and Aerospace,2025,70.01653214423887,2.0074021389590317,0.5314868288684377,-0.13026379522336898,-0.09733082500064379,0.1762654414387152,0.9654714503160123,2.2639002564044146,0.0,0.16221450128544282,0.3395754868266317,-0.09154877591293697,0.2946118544525891,-0.011283049528539143,0.27817559307739576,0.003796425002769782,11.316259767568116,0.28789954554562436,1.0039370493553565,0.40594697783046196,1.703,22.36519464629573,1.0,0.0,0.0,0.0,1.0,0.0,0.0,0.0,0.0,0.0,0.0,0.0
JK Cement Limited,Cement and Building Materials,2021,1753.24478357767,1.7723705312421663,0.14640672662207363,0.04456881666461484,0.09042912040990607,0.0897192851723652,0.0,0.0,1.0,0.16955974128052878,0.9897082815273716,-0.07165654277772059,0.7142004732914952,0.02585394054602555,0.2859028201184779,-0.014304907114211462,11.774523122686315,0.10272177857650111,0.1526252410070073,0.15524138696701434,0.412,25.632017216862433,2.0,0.0,0.0,1.0,0.0,0.0,0.0,0.0,0.0,0.0,0.0,0.0
JK Cement Limited,Cement and Building Materials,2022,3107.3993884671117,0.8546223639053043,0.14640672662207366,0.04456881666461484,0.09042912040990607,0.08971928517236519,0.0,0.0,1.0,0.16955974128052878,0.9897082815273714,-0.07165654277772057,0.7142004732914952,0.016041671925729632,0.17739497910644664,-0.008875808561781986,18.976689099561494,0.09970805194679323,0.09970805194679327,0.09970805194679336,0.412,26.20433515059605,2.0,0.0,0.0,1.0,0.0,0.0,0.0,0.0,0.0,0.0,0.0,0.0
JK Cement Limited,Cement and Building Materials,2023,2655.65301096966,1.3172231632279916,0.14640672662207366,0.04456881666461484,0.09042912040990607,0.0897192851723652,1.1298420153714774,3.1549651073371616,0.0,0.1695597412805288,0.9897082815273716,-0.07165654277772059,0.714200473291495,0.02064275708217752,0.22826770646024008,-0.011421182682754456,17.90242728027752,0.09970805194679315,0.09970805194679316,0.09974583302613586,0.412,26.04723956333857,2.0,0.0,0.0,1.0,0.0,0.0,0.0,0.0,0.0,0.0,0.0,0.0
JK Cement Limited,Cement and Building Materials,2024,3498.087659545396,1.2566079019242444,0.19546799612588206,0.07059374874470545,0.14734663153933006,0.14228272479794185,1.0344503776685534,1.7504589585978243,0.0,0.10467081155629746,0.8946724268634633,-0.0789259632079232,0.7568216671958709,0.029258843677262558,0.19856886505823504,0.02909899569334935,14.093984459239737,0.1787529738323795,0.5737561178947974,0.8670193360087558,0.412,26.322765419905963,2.0,0.0,0.0,1.0,0.0,0.0,0.0,0.0,0.0,0.0,0.0,0.0
JK Cement Limited,Cement and Building Materials,2025,4395.72459460843,1.339945266725053,0.19964135970090688,0.07492293409875746,0.14142270133914053,0.13254640024300043,0.9900229595104599,1.693326825186528,0.0,0.14963357262988095,0.8452121539641587,-0.06463847783928951,0.6889893325260542,0.025351906745178388,0.17927221766525922,0.0064651856759447845,16.49572690638194,0.02596373147185239,0.047868696740252265,0.0888128969223254,0.412,26.55118136920988,2.0,0.0,0.0,1.0,0.0,0.0,0.0,0.0,0.0,0.0,0.0,0.0
Godawari Power and Ispat Limited,Cement and Building Materials,2021,82.75010036177424,3.651001809755103,0.21260231971154642,0.1381028508335777,0.2031523671879857,0.26066971570352915,0.0,0.0,1.0,0.07931577250883959,0.81333416953093,-0.038765629299827284,1.1135107306439038,0.15749454212997727,0.7752532953959661,0.10674392334426995,4.124479380007984,0.10272177857650111,0.1526252410070073,0.15524138696701434,0.728,24.709226848883453,0.0,0.0,0.0,1.0,0.0,0.0,0.0,0.0,0.0,0.0,0.0,0.0
Godawari Power and Ispat Limited,Cement and Building Materials,2022,302.12076617825414,1.0841498309040332,0.2126023197115464,0.13810285083357768,0.20315236718798568,0.2606697157035292,0.0,0.0,1.0,0.07931577250883959,0.81333416953093,-0.03876562929982729,1.1135107306439038,0.04172793446796355,0.2054021572357603,0.028281636797845677,15.567101505529939,-0.0326727377374976,-0.03267273773749776,-0.03267273773749767,0.728,26.00422844724434,0.0,0.0,0.0,1.0,0.0,0.0,0.0,0.0,0.0,0.0,0.0,0.0
Godawari Power and Ispat Limited,Cement and Building Materials,2023,327.5441775647512,1.358180872415509,0.21260231971154642,0.13810285083357768,0.2031523671879857,0.26066971570352915,0.08108743048564616,-0.23978454593856452,0.0,0.07931577250883959,0.81333416953093,-0.03876562929982729,1.1135107306439038,0.03734458078584497,0.17477281179543486,0.024064309994871764,18.05548803276479,-0.03267273773749759,-0.03267273773749748,-0.02973580024097171,0.728,26.132492924780166,0.0,0.0,0.0,1.0,0.0,0.0,0.0,0.0,0.0,0.0,0.0,0.0
Godawari Power and Ispat Limited,Cement and Building Materials,2024,444.8642368395142,0.4339876954125975,0.26056014274671463,0.17173401187094417,0.20804406323062652,0.2662106462666992,0.0114831684069471,-0.5767363509147401,0.0,0.07761568935965926,0.7359704703565192,-0.01967373677794023,0.9821861104524883,0.03347088564768492,0.15377071230298064,0.02126396740939935,20.025737838727483,-0.05196673898104988,0.16188610808612627,0.21729888816219764,0.728,26.40130604214557,0.0,0.0,0.0,1.0,0.0,0.0,0.0,0.0,0.0,0.0,0.0,0.0
Godawari Power and Ispat Limited,Cement and Building Materials,2025,193.06560491746473,1.1892741593643756,0.2423112767940354,0.15098786583403556,0.16544487318610826,0.21984596661275116,0.06294934150425177,-0.29562436665131275,0.0,0.10012407617198037,0.6874405036081683,-0.013608421701455167,0.8730779423936459,0.0680597665525008,0.39306970788225526,0.028620628171091126,9.286140976130946,-0.012986072545017834,-0.08211362469355342,-0.11752854264607118,0.728,25.550075045853916,0.0,0.0,0.0,1.0,0.0,0.0,0.0,0.0,0.0,0.0,0.0,0.0
Taparia Tools Limited,Cement and Building Materials,2021,17.152742139754757,1.001838313443864,0.13231906011565792,0.0971882972444437,0.26746998556881146,0.35352575313995444,0.0,0.0,1.0,0.002370836321180188,0.8602608112774471,-0.03547080956357215,2.131581759146136,2.3094896633827617,8.634575047631294,2.648582780953207,0.31803545846239833,0.10272177857650111,0.1526252410070073,0.15524138696701434,1.0,19.377568327785184,0.0,0.0,0.0,1.0,0.0,0.0,0.0,0.0,0.0,0.0,0.0,0.0
Taparia Tools Limited,Cement and Building Materials,2022,17.1842742562294,0.13566105901952002,0.1323190601156579,0.09718829724444367,0.26746998556881146,0.35352575313995444,0.0,0.0,1.0,0.0023708363211801878,0.8602608112774471,-0.03547080956357217,2.1315817591461363,2.5281625031233554,9.452135340520067,2.8993624779494467,0.29052705393766715,0.0966968583575542,0.09669685835755405,0.09669685835755415,1.0,19.379404953598833,0.0,0.0,0.0,1.0,0.0,0.0,0.0,0.0,0.0,0.0,0.0,0.0
Taparia Tools Limited,Cement and Building Materials,2023,2.331236844081955,1.112533235839493,0.1323190601156579,0.09718829724444368,0.26746998556881146,0.35352575313995444,0.002128803720302707,-0.9052588815989925,0.0,0.0023708363211801878,0.8602608112774471,-0.035470809563572146,2.1315817591461363,20.439793631849813,76.41220962360168,23.43879826711078,-0.8693208941042139,0.0966968583575543,0.09669685835755436,0.09679818714639432,1.0,17.38180594245499,0.0,0.0,0.0,1.0,0.0,0.0,0.0,0.0,0.0,0.0,0.0,0.0
Taparia Tools Limited,Cement and Building Materials,2024,2.5935784696547453,3.1209439387044893,0.16530818532462965,0.12217649456215582,0.3151567015826053,0.41734915850045595,0.001037085193563438,-1.1188098347758253,0.0,0.0013150069999813855,0.8631187016756515,-0.04087847546146403,1.993674043043364,25.343362758848752,80.41203417227216,29.32267668905389,-1.089645927626528,0.09735990805853205,0.3709481830553919,0.37943336831059826,1.0,17.488445551978906,0.0,0.0,0.0,1.0,0.0,0.0,0.0,0.0,0.0,0.0,0.0,0.0
Taparia Tools Limited,Cement and Building Materials,2025,8.094413004423442,2.039138300586675,0.18715339098893108,0.13689420448839465,0.33021408786731204,0.4380198329096883,0.005608712397572271,-0.9724753717741218,0.0,0.00787537237738055,0.4727222361193283,0.09811218837004078,2.0261637633801493,9.972310525283063,30.198650888317605,5.871007389234705,-0.8991246784997022,0.09603420928621743,0.24087333307157838,0.2280541609615091,1.0,18.626581052499517,0.0,0.0,0.0,1.0,0.0,0.0,0.0,0.0,0.0,0.0,0.0,0.0
Chennai Petroleum Corporation Limited,Oil Gas and Energy,2021,83.34277121608994,1.4040683961056883,0.07451143237349168,0.04608693711675837,0.5454033000364474,0.5433346909198618,0.0,0.0,1.0,0.005451693169964806,1.0068883622931784,-0.13827730041761999,4.7784387859649256,3.6789543302715266,6.745383333811282,5.553762282944466,0.16812431876579537,0.10272177857650111,0.1526252410070073,0.15524138696701434,1.0,23.241823933548595,2.0,0.0,0.0,0.0,0.0,0.0,0.0,0.0,0.0,1.0,0.0,0.0
Chennai Petroleum Corporation Limited,Oil Gas and Energy,2022,117.01895110837874,2.1385630873147217,0.07451143237349168,0.046086937116758375,0.5454033000364474,0.5433346909198619,0.0,0.0,1.0,0.005451693169964806,1.0068883622931784,-0.13827730041761999,4.7784387859649256,2.3043977493859447,4.2251261575277415,3.478726876312489,0.26840925821603134,-0.12052943268499845,-0.12052943268499845,-0.12052943268499826,1.0,23.581197953140663,2.0,0.0,0.0,0.0,0.0,0.0,0.0,0.0,0.0,1.0,0.0,0.0
Chennai Petroleum Corporation Limited,Oil Gas and Energy,2023,250.25240935666494,2.2231463764736414,0.07451143237349168,0.04608693711675837,0.5454033000364474,0.5433346909198619,0.6578451540367068,0.7368533512679456,0.0,0.005451693169964805,1.0068883622931784,-0.13827730041761999,4.7784387859649256,0.9476831835892322,1.737556455911805,1.4306044640871733,1.3895302608167968,-0.12052943268499815,-0.12052943268499818,-0.12051629306056894,1.0,24.341332102122042,2.0,0.0,0.0,0.0,0.0,0.0,0.0,0.0,0.0,1.0,0.0,0.0
Chennai Petroleum Corporation Limited,Oil Gas and Energy,2024,556.347737065068,1.4204767617230276,0.06819227019370505,0.04139102255383787,0.31119996553647467,0.355318469546412,0.31582873441772513,0.5894541562927028,0.0,0.009087397214915105,0.5957382355932728,0.0027723120111154327,3.617884631015745,0.3313395341058795,1.064730293560464,0.2524632283369829,2.4213123690048333,-0.134509681045608,-0.20791014479046804,-0.22271883960195646,1.0,25.140255581303233,2.0,0.0,0.0,0.0,0.0,0.0,0.0,0.0,0.0,1.0,0.0,0.0
Chennai Petroleum Corporation Limited,Oil Gas and Energy,2025,790.2790319381222,0.9951865993742346,0.01855219110290521,0.0036121743892803338,0.026087380356174566,0.05199978490700918,0.37986632791699415,2.540247551315514,0.0,0.011565740679657042,1.2299080549669417,-0.06670264676393013,3.473134763044104,0.01819610469068593,0.6973607595496983,0.05666818291611106,13.2427546255855,-0.10632336164336716,-0.7568689276380087,-0.9219919713572746,1.0,25.491248144258034,2.0,0.0,0.0,0.0,0.0,0.0,0.0,0.0,0.0,1.0,0.0,0.0
Petronet LNG Limited,Oil Gas and Energy,2021,242.7738957539141,0.9247686090375029,0.09111820836861692,0.056439375298036734,0.21787853695095044,0.23196503347499742,0.0,0.0,1.0,0.017968581625155064,0.46905491353702033,0.035410534996030404,2.584723422360439,0.10556133817269074,0.4844962686547462,0.04633016041274429,5.867757258390556,0.10272177857650111,0.1526252410070073,0.15524138696701434,0.45,26.620861543757226,1.0,0.0,0.0,0.0,0.0,0.0,0.0,0.0,0.0,1.0,0.0,0.0
Petronet LNG Limited,Oil Gas and Energy,2022,224.5096778869629,0.9587175381302315,0.09111820836861692,0.05643937529803673,0.2178785369509504,0.23196503347499742,0.0,0.0,1.0,0.01796858162515506,0.4690549135370203,0.035410534996030404,2.5847234223604394,0.10617495815470833,0.4873126083943312,0.046599474090379116,5.833845560510432,-0.06985578179468098,-0.06985578179468108,-0.06985578179468123,0.45,26.542649818602296,1.0,0.0,0.0,0.0,0.0,0.0,0.0,0.0,0.0,1.0,0.0,0.0
Petronet LNG Limited,Oil Gas and Energy,2023,215.24136567020034,1.081212270079656,0.09111820836861692,0.056439375298036734,0.21787853695095044,0.2319650334749974,0.21913569732766616,-0.5876986972352333,0.0,0.017968581625155064,0.46905491353702033,0.035410534996030404,2.584723422360439,0.10300064734754369,0.47278889467334206,0.045210637828852186,5.425358142913773,-0.06985578179468137,-0.06985578179468131,-0.06994522279942864,0.45,26.500491033194102,1.0,0.0,0.0,0.0,0.0,0.0,0.0,0.0,0.0,1.0,0.0,0.0
Petronet LNG Limited,Oil Gas and Energy,2024,232.72160559132266,1.3974158983110747,0.11176567215369455,0.07033671475061687,0.20978845050375902,0.23530259777400522,0.17277891983450994,-0.7444777178932278,0.0,0.016203611428377753,0.8393041752243373,-0.04774824932619677,2.0345519321177776,0.10463145412790124,0.4987392249026347,0.11543691881269832,5.270285622880431,-0.11877975064189264,0.08090550997793029,0.09833107803337841,0.45,26.5785739171252,1.0,0.0,0.0,0.0,0.0,0.0,0.0,0.0,0.0,1.0,0.0,0.0
Petronet LNG Limited,Oil Gas and Energy,2025,325.2088715337938,0.8883720673429785,0.1235164625653392,0.07792314272303398,0.19985782941844385,0.23630405958178963,0.13364738979138757,-1.1729854282592678,0.0,0.028576539616017645,0.6984018090809767,-0.015578422763459212,1.8676973395714431,0.08142459298576778,0.40748229981350276,0.06029006965254265,6.573624703341709,-0.018215630779043184,0.08500696100459013,0.08747433264887058,0.45,26.913198661262015,1.0,0.0,0.0,0.0,0.0,0.0,0.0,0.0,0.0,1.0,0.0,0.0
NMDC Limited,Oil Gas and Energy,2021,24.755277281305396,1.605948738682747,0.45630849720572336,0.31716371007468397,0.24762398196706314,0.3211231642224288,0.0,0.0,1.0,0.07061961033004739,0.22801967015390417,0.12565953503030758,0.5896286572394277,0.1901403685928078,0.7678592642052686,0.02003998411238069,3.655532099720843,0.10272177857650111,0.1526252410070073,0.15524138696701434,0.643,26.10612599178546,1.0,0.0,0.0,0.0,0.0,0.0,0.0,0.0,0.0,1.0,0.0,0.0
NMDC Limited,Oil Gas and Energy,2022,39.75570632565406,0.8935808950156882,0.45630849720572336,0.3171637100746839,0.2476239819670631,0.3211231642224288,0.0,0.0,1.0,0.07061961033004739,0.22801967015390417,0.12565953503030758,0.5896286572394278,0.137747230413059,0.5562758070475621,0.014517970746726328,5.0459397169691975,0.1634299048437915,0.1634299048437915,0.16342990484379144,0.643,26.579840688172194,1.0,0.0,0.0,0.0,0.0,0.0,0.0,0.0,0.0,1.0,0.0,0.0
NMDC Limited,Oil Gas and Energy,2023,35.52493964045881,1.4628973759218038,0.4563084972057233,0.3171637100746839,0.2476239819670631,0.32112316422242876,0.09406684016457398,-0.6087473367986489,0.0,0.07061961033004739,0.22801967015390417,0.12565953503030755,0.5896286572394277,0.1793106494893324,0.7242633687338248,0.01890219611744521,3.266823773856222,0.16342990484379152,0.16342990484379147,0.1632072033393978,0.643,26.467322276922058,1.0,0.0,0.0,0.0,0.0,0.0,0.0,0.0,0.0,1.0,0.0,0.0
NMDC Limited,Oil Gas and Energy,2024,51.96934097980766,1.448522571154477,0.3938889913868824,0.26172479241809044,0.2173012835254269,0.2946447800336144,0.13091647535264792,-1.0627282392089932,0.0,0.08671283301480713,0.8812464840435168,-0.05100469616273002,0.5973251473667474,0.12199500475604191,0.5615150198947506,0.12140051949466585,4.382892000402931,0.2061100384460764,0.0411234273617648,-0.004709576138147605,0.643,26.84774125017145,1.0,0.0,0.0,0.0,0.0,0.0,0.0,0.0,0.0,1.0,0.0,0.0
NMDC Limited,Oil Gas and Energy,2025,75.27876341727472,0.9881662754664565,0.40752052245673803,0.2736598074419632,0.22030006293825685,0.2974476778099285,0.1439875106791304,-0.5750898943644984,0.0,0.13512945963944728,0.19444487214624528,0.11333951766142657,0.5829636392722392,0.09883265428736697,0.44868695946574183,-0.020187141100021958,6.218564721933546,0.12226007606133543,0.1610987423602437,0.17350157728706633,0.643,27.218285370710504,1.0,0.0,0.0,0.0,0.0,0.0,0.0,0.0,0.0,1.0,0.0,0.0
National Aluminium Company Limited,Oil Gas and Energy,2021,38.195582332381285,2.4321128818912165,0.18100806867049707,0.10124015056249233,0.10929602014875399,0.12544908879747318,0.0,0.0,1.0,0.10824960517569153,0.35408414683591677,0.029865073318125268,0.8039469869702682,0.17393114717806057,1.5913767668880978,-0.0758628632196279,3.215714518490536,0.10272177857650111,0.1526252410070073,0.15524138696701434,0.709,24.97391904369456,2.0,0.0,0.0,0.0,0.0,0.0,0.0,0.0,0.0,1.0,0.0,0.0
National Aluminium Company Limited,Oil Gas and Energy,2022,92.89596782192108,0.8849818414614817,0.18100806867049707,0.10124015056249233,0.109296020148754,0.12544908879747313,0.0,0.0,1.0,0.10824960517569153,0.3540841468359168,0.029865073318125268,0.8039469869702681,0.07754643401489049,0.7095083051454965,-0.033823122610805154,7.212619410594744,0.08434678993557684,0.08434678993557679,0.08434678993557689,0.709,25.862679421972647,2.0,0.0,0.0,0.0,0.0,0.0,0.0,0.0,0.0,1.0,0.0,0.0
National Aluminium Company Limited,Oil Gas and Energy,2023,82.21124466739026,1.2767195058870364,0.18100806867049707,0.10124015056249233,0.109296020148754,0.12544908879747316,0.007969453855102362,-0.8019368119015687,0.0,0.10824960517569153,0.35408414683591677,0.029865073318125265,0.8039469869702682,0.0949991699018504,0.8693433210410527,-0.04144265193967858,5.084590696634875,0.08434678993557708,0.08434678993557708,0.08415740046677195,0.709,25.740491269665323,2.0,0.0,0.0,0.0,0.0,0.0,0.0,0.0,0.0,1.0,0.0,0.0
National Aluminium Company Limited,Oil Gas and Energy,2024,104.96069967010875,1.8881260597333784,0.26549258920346563,0.15213785336324379,0.13820180440906332,0.17007127643013928,0.0066985958525419284,-0.754396228263814,0.0,0.1266973830385643,0.7858974876225497,-0.03839973215534366,0.6794956909347165,0.10318147681978747,0.7463702704794598,0.055563982976104806,4.80102297392759,-0.07767630193227511,0.3528132114898793,0.38668373879641493,0.709,25.984785171756556,2.0,0.0,0.0,0.0,0.0,0.0,0.0,0.0,0.0,1.0,0.0,0.0
National Aluminium Company Limited,Oil Gas and Energy,2025,198.17903229498094,1.243098778735362,0.47102215132326386,0.3161609414357399,0.2958612648718594,0.36734960245481313,0.017472188275044032,-0.725917941151362,0.0,0.07209667865187151,0.7397948847325589,-0.02351919574026228,0.728174700290532,0.14471763065888352,0.48918475065850175,0.12651233126096756,3.9118163650060658,0.27483221271113045,1.2617362435951378,1.6481994459833795,0.709,26.620370006177495,2.0,0.0,0.0,0.0,0.0,0.0,0.0,0.0,0.0,1.0,0.0,0.0
Sun Pharmaceutical Industries Limited,Pharmaceuticals and Healthcare,2021,525.9949799196787,1.4600650638301094,0.2798330917604826,0.1957902320462618,0.1513264130005011,0.1574780900770408,0.0,0.0,1.0,0.048189335812141125,0.40949445373821514,0.04352357877572696,0.5360037868021474,0.05583707299929738,0.3689843160368342,0.018936717247223823,12.530526114432433,0.10272177857650111,0.1526252410070073,0.15524138696701434,0.124,27.86374910888206,2.0,0.0,0.0,0.0,0.0,0.0,0.0,0.0,0.0,0.0,1.0,0.0
Sun Pharmaceutical Industries Limited,Pharmaceuticals and Healthcare,2022,767.9868939307428,1.226120372652476,0.27983309176048266,0.19579023204626186,0.15132641300050112,0.15747809007704083,0.0,0.0,1.0,0.048189335812141125,0.40949445373821514,0.043523578775726976,0.5360037868021474,0.041935935752862585,0.2771223801671933,0.014222252621653284,16.684208634199994,0.09656884615977492,0.09656884615977505,0.09656884615977519,0.124,28.242230107876548,2.0,0.0,0.0,0.0,0.0,0.0,0.0,0.0,0.0,0.0,1.0,0.0
Sun Pharmaceutical Industries Limited,Pharmaceuticals and Healthcare,2023,941.6443765785799,1.2609010349831915,0.27983309176048266,0.19579023204626184,0.15132641300050112,0.1574780900770408,0.12297210948474678,-0.7042431338484633,0.0,0.04818933581214112,0.40949445373821514,0.04352357877572696,0.5360037868021474,0.03748761302888132,0.24784170905471173,0.012719533493584253,17.951081773126234,0.09656884615977493,0.09656884615977492,0.0960605798258886,0.124,28.446085123811102,2.0,0.0,0.0,0.0,0.0,0.0,0.0,0.0,0.0,0.0,1.0,0.0
Sun Pharmaceutical Industries Limited,Pharmaceuticals and Healthcare,2024,1187.3203690140335,1.4377877787829088,0.2906951544700467,0.2005169765769199,0.15041414867258027,0.1653115182386403,0.05141883322142248,-1.1564363995202818,0.0,0.04610304563904398,0.8740797297443303,-0.02992526869993035,0.5585806491605522,0.03360508338043041,0.2234878300434792,0.03486816287548817,19.363253166382812,0.10350501295435856,0.14633890574244934,0.13031161473087824,0.124,28.677911696336732,2.0,0.0,0.0,0.0,0.0,0.0,0.0,0.0,0.0,0.0,1.0,0.0
Sun Pharmaceutical Industries Limited,Pharmaceuticals and Healthcare,2025,1707.1147160683909,0.9971656246363344,0.3181875915739918,0.2100072538611198,0.15133397453987246,0.18920547714628658,0.03270914932311908,-1.4466829882214256,0.0,0.04090178464199073,0.8498213647299817,-0.03412627803212531,0.5650480159842641,0.02671173739572705,0.17631610659366245,0.02915938684365029,23.28892736745789,0.0896762771823625,0.19273219694377716,0.14285714285714293,0.124,29.041017363925906,2.0,0.0,0.0,0.0,0.0,0.0,0.0,0.0,0.0,0.0,1.0,0.0
Lupin Limited,Pharmaceuticals and Healthcare,2021,948.8797176008723,1.035547562716994,0.112931300468716,0.026433959967990125,0.03450439247462794,0.06988026786340368,0.0,0.0,1.0,0.0921709799274492,1.032573378542389,-0.06391202621719094,0.7087484584593174,0.007267535130391168,0.21062637563420925,0.006719022783077886,32.20777761378985,0.10272177857650111,0.1526252410070073,0.15524138696701434,0.182,26.795989852165356,2.0,0.0,0.0,0.0,0.0,0.0,0.0,0.0,0.0,0.0,1.0,0.0
Lupin Limited,Pharmaceuticals and Healthcare,2022,982.6100788731729,0.7030940184050155,0.11293130046871601,0.02643395996799013,0.03450439247462794,0.06988026786340368,0.0,0.0,1.0,0.09217097992744921,1.032573378542389,-0.06391202621719093,0.7087484584593174,0.008196394960038473,0.23754642154808306,0.007577777539086907,28.557817970126862,0.1679003502081249,0.16790035020812502,0.167900350208125,0.182,26.830920185090513,2.0,0.0,0.0,0.0,0.0,0.0,0.0,0.0,0.0,0.0,1.0,0.0
Lupin Limited,Pharmaceuticals and Healthcare,2023,690.8672688802084,1.6501895305505099,0.11293130046871601,0.026433959967990125,0.03450439247462794,0.06988026786340369,0.3643563720967548,1.4092925290765705,0.0,0.0921709799274492,1.032573378542389,-0.06391202621719094,0.7087484584593174,0.013620561320341881,0.39653969078334594,0.01264969407912664,18.51680439661265,0.16790035020812488,0.16790035020812485,0.16838381243723577,0.182,26.473714673855792,2.0,0.0,0.0,0.0,0.0,0.0,0.0,0.0,0.0,0.0,1.0,0.0
Lupin Limited,Pharmaceuticals and Healthcare,2024,1140.061934106144,1.727222408931003,0.19831362298372943,0.09739758266289655,0.133970689188253,0.17432665104080622,0.2044584119706458,0.19066370455501627,0.0,0.04725701732876009,0.9359280884118498,-0.07225348978504974,0.8191104121400932,0.03672607491524381,0.2750766142581063,0.05234742257927234,13.517656644378718,0.20813547404483596,1.121552854864781,3.4495217853347495,0.182,26.976136838402525,2.0,0.0,0.0,0.0,0.0,0.0,0.0,0.0,0.0,0.0,1.0,0.0
Lupin Limited,Pharmaceuticals and Healthcare,2025,1969.1405201573525,1.0403285151074113,0.24579861941924405,0.14787327568221317,0.19075304443863167,0.21169916847342035,0.3166663760281338,0.44505837988263525,0.0,0.07581207915786287,0.549964343265277,0.009644963444465445,0.7598767740185887,0.03640674663191193,0.19135395563481306,0.014654619704619558,16.926732838422105,0.1290051962878135,0.39933865555703774,0.7122044423214713,0.182,27.524594176506273,2.0,0.0,0.0,0.0,0.0,0.0,0.0,0.0,0.0,0.0,1.0,0.0
Glenmark Pharmaceuticals Limited,Pharmaceuticals and Healthcare,2021,450.2461851801738,1.1971653963439792,0.10498184997154462,0.026001278173482044,0.03137507028503398,0.041276630344117944,0.0,0.0,1.0,0.05316360183199034,0.5210965999136772,-0.016939525521694667,0.5901367543004539,0.02034235315635374,0.6483604011576386,0.0012064638388984159,12.175289215018566,0.10272177857650111,0.1526252410070073,0.15524138696701434,0.248,25.568008532267744,1.0,0.0,0.0,0.0,0.0,0.0,0.0,0.0,0.0,0.0,1.0,0.0
Glenmark Pharmaceuticals Limited,Pharmaceuticals and Healthcare,2022,539.0191527335875,0.7571666180107129,0.10498184997154464,0.026001278173482047,0.03137507028503398,0.04127663034411795,0.0,0.0,1.0,0.05316360183199035,0.5210965999136772,-0.016939525521694664,0.5901367543004539,0.018221377648662305,0.5807597395998174,0.0010806730695832284,13.59249765677488,0.07234412002530483,0.07234412002530488,0.07234412002530487,0.248,25.74796512502416,1.0,0.0,0.0,0.0,0.0,0.0,0.0,0.0,0.0,0.0,1.0,0.0
Glenmark Pharmaceuticals Limited,Pharmaceuticals and Healthcare,2023,408.12730891829034,1.8633397482375882,0.10498184997154464,0.026001278173482047,0.03137507028503398,0.04127663034411795,0.4863751795322803,2.8618118128960974,0.0,0.05316360183199034,0.5210965999136772,-0.016939525521694664,0.5901367543004539,0.02580077287135954,0.8226710128857223,0.0015308196283801757,12.457355202676702,0.07234412002530474,0.07234412002530474,0.07211893160581187,0.248,25.46959290645468,1.0,0.0,0.0,0.0,0.0,0.0,0.0,0.0,0.0,0.0,1.0,0.0
Glenmark Pharmaceuticals Limited,Pharmaceuticals and Healthcare,2024,760.4798370486915,1.8846849677847632,0.10169554162724692,-0.12905966040351147,-0.19134581654492963,0.06469105461721067,0.15684778923147477,-0.37140256610049743,0.0,0.07721038178477921,-0.22433012134129543,-0.08609627217761257,0.8103461724466077,-0.06998213155333462,0.3657029546464702,-0.05423255645504402,17.76458308827463,0.017802580804759438,-0.014058289574768403,-6.054131054131054,0.248,26.092034224859727,1.0,0.0,0.0,0.0,0.0,0.0,0.0,0.0,0.0,0.0,1.0,0.0
Glenmark Pharmaceuticals Limited,Pharmaceuticals and Healthcare,2025,1433.264917189075,1.3088187564059544,0.15915944790426415,0.0796523705301055,0.11832351896577423,0.1593125931685797,0.27941505005796413,0.3733723528928195,0.0,0.057107056561484563,-0.3955466848668728,0.11680654801996367,0.8190779631633377,0.025891933553205418,0.21880164660941973,-0.039023723608077945,19.703940480406953,0.12980840630569185,0.7682159837873561,0.3132445544764805,0.248,26.725794905948995,1.0,0.0,0.0,0.0,0.0,0.0,0.0,0.0,0.0,0.0,1.0,0.0
Emcure Pharmaceuticals Limited,Pharmaceuticals and Healthcare,2021,,,0.19730787465883087,0.0897002500052267,0.21271179460770867,0.249122788769397,0.0,0.0,1.0,0.06800857045163473,0.6382006207231289,-0.032196778104140705,0.8888794971503318,0.033225997536576776,0.5086723585972364,0.007091779299236323,12.3529076647255,0.10272177857650111,0.1526252410070073,0.15524138696701434,1.0,26.18199919221655,1.0,0.0,0.0,0.0,0.0,0.0,0.0,0.0,0.0,0.0,1.0,0.0
Emcure Pharmaceuticals Limited,Pharmaceuticals and Healthcare,2022,,,0.19730787465883087,0.08970025000522672,0.2127117946077087,0.24912278876939697,0.0,0.0,1.0,0.06800857045163475,0.6382006207231287,-0.03219677810414068,0.8888794971503317,0.022874588779736686,0.2573344008576382,0.004923366219752114,19.294320596925218,0.15381649352049775,0.15381649352049784,0.15381649352049784,1.0,26.289442655057336,1.0,0.0,0.0,0.0,0.0,0.0,0.0,0.0,0.0,0.0,1.0,0.0
Emcure Pharmaceuticals Limited,Pharmaceuticals and Healthcare,2023,,,0.19730787465883087,0.0897002500052267,0.2127117946077087,0.24912278876939697,0.9333012411209991,1.7718081979204408,0.0,0.06800857045163475,0.6382006207231288,-0.03219677810414069,0.8888794971503318,0.022472944658392502,0.33663132975856147,0.007873779852193076,18.23394308486944,0.15381649352049773,0.1538164935204977,0.2105356947252023,1.0,25.971653790155237,1.0,0.0,0.0,0.0,0.0,0.0,0.0,0.0,0.0,0.0,1.0,0.0
Emcure Pharmaceuticals Limited,Pharmaceuticals and Healthcare,2024,,,0.18844234389832135,0.0756887884397307,0.16874500174949353,0.20191070328938637,0.7909035143311126,1.5615233414441043,0.0,0.04666246935578165,0.884638393454624,-0.0767415438288952,0.8431789087673419,0.02643324253923248,0.3020208559240075,0.01501053626311101,17.14686798185388,0.10974669688940085,0.05988303333994162,-0.06321957491500421,1.0,26.534085531631128,1.0,0.0,0.0,0.0,0.0,0.0,0.0,0.0,0.0,0.0,1.0,0.0
Emcure Pharmaceuticals Limited,Pharmaceuticals and Healthcare,2025,1306.231664360894,1.03666007770179,0.19393510407868697,0.08628827999808004,0.1532396530419555,0.20615381352916692,0.23002838837601486,0.5386769898472616,0.0,0.05153586051261164,0.5561933532770287,-0.02069461100537453,0.9590990732956763,0.02788938669452962,0.1796372393080667,0.017970164096815403,16.70189580826382,0.19963637148146032,0.2346036445257134,0.3215245699458687,1.0,26.234713378758933,1.0,0.0,0.0,0.0,0.0,0.0,0.0,0.0,0.0,0.0,1.0,0.0
Hikal Limited,Pharmaceuticals and Healthcare,2021,149.92228907083413,3.1548104939323047,0.1273558952564093,0.03909901955649335,0.06915224928758591,0.08486317293993718,0.0,0.0,1.0,0.15095487864798063,1.2349996670727073,-0.09932038891930438,0.8403773325474685,0.04610964191679981,0.6667844125364889,0.00746453581539476,6.658172835687734,0.10272177857650111,0.1526252410070073,0.15524138696701434,1.0,23.64025413783017,0.0,0.0,0.0,0.0,0.0,0.0,0.0,0.0,0.0,0.0,1.0,0.0
Hikal Limited,Pharmaceuticals and Healthcare,2022,472.97641083502,0.7023597606088541,0.1273558952564093,0.03909901955649335,0.06915224928758591,0.08486317293993716,0.0,0.0,1.0,0.15095487864798063,1.2349996670727073,-0.09932038891930435,0.8403773325474684,0.027527799910811064,0.20267888020931696,0.0022689549004173215,21.904432559650445,-0.04104918147316401,-0.04104918147316391,0.8834453798231294,1.0,24.789182566704714,0.0,0.0,0.0,0.0,0.0,0.0,0.0,0.0,0.0,0.0,1.0,0.0
Hikal Limited,Pharmaceuticals and Healthcare,2023,332.19959868771963,0.8814386947804971,0.1273558952564093,0.03909901955649335,0.06915224928758591,0.08486317293993717,0.6600827547266359,2.825785022971983,0.0,0.15095487864798063,1.2349996670727075,-0.09932038891930436,0.8403773325474684,0.019145116445425464,0.27672296873377705,0.00309786562525951,18.869143776764357,-0.041049181473163956,-0.04104918147316407,-0.511520737327189,1.0,24.43587303997541,0.0,0.0,0.0,0.0,0.0,0.0,0.0,0.0,0.0,0.0,1.0,0.0
Hikal Limited,Pharmaceuticals and Healthcare,2024,292.8135806739085,1.1991059795828451,0.15056256007236954,0.03935206648951207,0.05860234065841542,0.08592892227679862,0.6883893239033426,2.9714607585429964,0.0,0.11545202691242155,0.7010889973713856,-0.047082143862329624,0.7111495315829681,0.019261401698034555,0.3289650975899087,-0.004847090349266147,16.52915287543313,-0.11772555064211443,0.04304162374515787,-0.11320754716981142,1.0,24.309673213935696,0.0,0.0,0.0,0.0,0.0,0.0,0.0,0.0,0.0,0.0,1.0,0.0
Hikal Limited,Pharmaceuticals and Healthcare,2025,351.11451548914755,0.7955219645432491,0.18085164090046107,0.04925413615405479,0.07193218727719243,0.11440726687363459,0.6057989384456943,2.0431913617276543,0.0,0.07447789530783835,0.8410317936412718,-0.07497330855312587,0.7289730712958203,0.02096182207034812,0.29157351998943676,0.03305408437811012,15.028399248859781,0.042290948154011423,0.251971460758543,0.3049645390070923,1.0,24.49124947605226,0.0,0.0,0.0,0.0,0.0,0.0,0.0,0.0,0.0,0.0,1.0,0.0
Mahindra and Mahindra Limited,Automobile and Auto Components,2021,630.3050206195877,1.2894758529789876,0.2023550328048348,0.08636985197795907,0.18240673997472578,0.1460304143686504,0.0,0.0,1.0,0.052961608489489026,-0.29366890813096086,0.08429438437485869,0.5781696859471361,0.10389797608833272,0.5695950495180649,-0.13519510031761975,4.108100668200453,0.10272177857650111,0.1526252410070073,0.15524138696701434,0.291,27.35242627400525,2.0,1.0,0.0,0.0,0.0,0.0,0.0,0.0,0.0,0.0,0.0,0.0
Mahindra and Mahindra Limited,Automobile and Auto Components,2022,812.7631041003812,1.4554058780691381,0.20235503280483477,0.08636985197795907,0.18240673997472584,0.14603041436865044,0.0,0.0,1.0,0.052961608489489026,-0.29366890813096086,0.0842943843748587,0.5781696859471362,0.0921328851136946,0.5050958376124725,-0.11988601813482694,4.63269270756519,0.14345952724229669,0.14345952724229655,0.1434595272422969,0.291,27.60666209429015,2.0,1.0,0.0,0.0,0.0,0.0,0.0,0.0,0.0,0.0,0.0,0.0
Mahindra and Mahindra Limited,Automobile and Auto Components,2023,1182.9001991854136,1.3074733564097303,0.2023550328048348,0.08636985197795907,0.1824067399747258,0.14603041436865044,1.6365751282825984,2.7311313901036267,0.0,0.052961608489489026,-0.29366890813096086,0.0842943843748587,0.5781696859471362,0.07774113155389344,0.3831877656816168,-0.09095077014037098,8.837677613902052,0.14345952724229638,0.1434595272422965,0.22806205071792385,0.291,28.01694350424189,2.0,1.0,0.0,0.0,0.0,0.0,0.0,0.0,0.0,0.0,0.0,0.0
Mahindra and Mahindra Limited,Automobile and Auto Components,2024,1546.6104937266912,1.7944328748306035,0.20506199309396853,0.08297782457431178,0.17024545044572073,0.1450142664231824,1.6108873547658993,2.9043254031522507,0.0,0.07323835116197333,-0.20216683113066486,0.07151306726813751,0.5747042338802762,0.06511012333645473,0.38390831265879655,-0.09034118682311382,9.095511235718828,0.1408148226677368,0.15607582398513475,0.09504132231404969,0.291,28.175740157471076,2.0,1.0,0.0,0.0,0.0,0.0,0.0,0.0,0.0,0.0,0.0,0.0
Mahindra and Mahindra Limited,Automobile and Auto Components,2025,2775.2887145011655,1.2023326541993253,0.21517899099529275,0.08306774006481148,0.1678256921247277,0.1491657297553735,1.6218997788908092,2.480528395337456,0.0,0.06676689029913278,0.09482410360332251,0.0351360677889436,0.5607095048324977,0.04145874964244254,0.23141911878922444,-0.021676758454884638,12.420264313415942,0.14611036292783747,0.20265519584143085,0.1426017874875869,0.291,28.833685745196163,2.0,1.0,0.0,0.0,0.0,0.0,0.0,0.0,0.0,0.0,0.0,0.0
Hero MotoCorp Limited,Automobile and Auto Components,2021,2856.7891556460218,0.954462947167228,0.1382986165040198,0.08328837870490359,0.16870992706944282,0.22164874463889067,0.0,0.0,1.0,0.017910220370552603,0.5602030056495239,0.008200014801168868,1.410614946755513,0.040726173386696214,0.2413976112379735,0.029126005628610677,14.787439019769991,0.10272177857650111,0.1526252410070073,0.15524138696701434,0.468,27.071987310680477,2.0,1.0,0.0,0.0,0.0,0.0,0.0,0.0,0.0,0.0,0.0,0.0
Hero MotoCorp Limited,Automobile and Auto Components,2022,2726.699396933279,0.9678971809592555,0.13829861650401984,0.08328837870490359,0.16870992706944285,0.2216487446388907,0.0,0.0,1.0,0.0179102203705526,0.5602030056495239,0.008200014801168866,1.410614946755513,0.04687275136381695,0.2778304287009953,0.033521833909811144,12.848313528470207,0.09851480481001548,0.0985148048100156,0.09851480481001552,0.468,27.025380855008756,2.0,1.0,0.0,0.0,0.0,0.0,0.0,0.0,0.0,0.0,0.0,0.0
Hero MotoCorp Limited,Automobile and Auto Components,2023,2639.1646596150226,1.2918129919613914,0.13829861650401984,0.08328837870490359,0.16870992706944282,0.22164874463889064,0.03407508719305313,-0.7486004783663532,0.0,0.017910220370552603,0.5602030056495237,0.008200014801168875,1.4106149467555127,0.053232752828879355,0.31579933039376534,0.03810299955906684,10.554946148058503,0.09851480481001526,0.0985148048100153,0.09922780077182687,0.468,26.991243922469152,2.0,1.0,0.0,0.0,0.0,0.0,0.0,0.0,0.0,0.0,0.0,0.0
Hero MotoCorp Limited,Automobile and Auto Components,2024,3409.3071952160494,1.4177043192217453,0.15755539438118482,0.09959911199836805,0.2115852266691979,0.2704384639784929,0.03426254257321916,-0.7373314674548821,0.0,0.02095506187260682,0.8310479698443431,-0.045052172253897196,1.4376680270059141,0.0548615860320405,0.25966929930397864,0.06066919863448314,10.76845320710102,0.11445082833101941,0.2696275943659074,0.33134030891878413,0.468,27.247700934014137,2.0,1.0,0.0,0.0,0.0,0.0,0.0,0.0,0.0,0.0,0.0,0.0
Hero MotoCorp Limited,Automobile and Auto Components,2025,4833.389536211567,1.0457178137189527,0.1677323513576181,0.1075463838115487,0.22719338482070398,0.28708579854779065,0.03631841776999217,-0.9500746836925961,0.0,0.021036055774543826,0.6293038308341143,0.0028562552306560826,1.4340268091377624,0.04524568077155441,0.19935281186282133,0.035593795545645075,13.206589471815368,0.08280665751217518,0.1527482600233291,0.16921514114627892,0.468,27.59718537089928,2.0,1.0,0.0,0.0,0.0,0.0,0.0,0.0,0.0,0.0,0.0,0.0
Hitachi Energy India Limited,Automobile and Auto Components,2021,1034.7200817429875,2.263712581549729,0.05792363594416888,0.021663398315838044,0.07726423710822752,0.13519970256223648,0.0,0.0,1.0,0.0027707924789479753,0.021388457402318078,0.022592771231922337,1.106160249686743,0.01417882358398546,0.18351082097820415,-0.0010026345963542434,26.377314087671383,0.10272177857650111,0.1526252410070073,0.15524138696701434,0.572,24.55451077794066,2.0,1.0,0.0,0.0,0.0,0.0,0.0,0.0,0.0,0.0,0.0,0.0
Hitachi Energy India Limited,Automobile and Auto Components,2022,2342.308867423765,1.3968789211915713,0.057923635944168876,0.021663398315838044,0.07726423710822754,0.13519970256223648,0.0,0.0,1.0,0.0027707924789479757,0.02138845740231808,0.02259277123192234,1.106160249686743,0.0075056333035676175,0.09714239840424665,-0.0005307497884524917,49.82914404980266,0.19830791610772439,0.19830791610772422,0.19830791610772447,0.572,25.37151697861025,2.0,1.0,0.0,0.0,0.0,0.0,0.0,0.0,0.0,0.0,0.0,0.0
Hitachi Energy India Limited,Automobile and Auto Components,2023,3271.92188382436,1.4263915001335092,0.057923635944168876,0.021663398315838044,0.07726423710822752,0.13519970256223648,0.27508207782376515,0.6815629107420241,0.0,0.0027707924789479757,0.021388457402318078,0.022592771231922337,1.106160249686743,0.006772777831143835,0.08764073843958728,-0.000478836266663534,55.9129843890675,0.19830791610772427,0.19830791610772436,0.2604866515050042,0.572,25.655359456684312,2.0,1.0,0.0,0.0,0.0,0.0,0.0,0.0,0.0,0.0,0.0,0.0
Hitachi Energy India Limited,Automobile and Auto Components,2024,4667.041564187886,2.56819023894014,0.07030164598394047,0.03213868023013948,0.12043798304249671,0.1894126618745675,0.15713266709317802,0.23904426952492602,0.0,0.01753518418222777,0.7042650588957741,-0.018806679738367707,1.082566273736715,0.008279334878116468,0.06875077647036015,0.008238242645139011,55.44951677131208,0.175692698119737,0.4269327279244832,0.7436823104693141,0.572,26.01050728526918,2.0,1.0,0.0,0.0,0.0,0.0,0.0,0.0,0.0,0.0,0.0,0.0
Hitachi Energy India Limited,Automobile and Auto Components,2025,11985.850589875252,1.5985130395142177,0.10491172203486775,0.061692552646250294,0.09111769744975808,0.13077311750091392,0.020989010728243922,-1.8335630494042696,0.0,0.020740381324820173,2.287619835217005,-0.12884578768697785,0.7226121867061713,0.007538889236307463,0.07888080776200763,0.025544435417361334,79.98175799498972,0.22135815260476763,0.8226427734047899,1.3385093167701863,0.572,27.00410667679603,2.0,1.0,0.0,0.0,0.0,0.0,0.0,0.0,0.0,0.0,0.0,0.0
ABB India Limited,Automobile and Auto Components,2021,1052.5094403492878,1.7953003423726293,0.1740054904387997,0.11957883886515243,0.20573914698314175,0.2765902626668465,0.0,0.0,1.0,0.01976369697390453,0.5017277872826742,0.02943584779512848,0.9120197719953254,0.032034133045734825,0.15570266288874865,0.018093297467690263,21.45252442610874,0.10272177857650111,0.1526252410070073,0.15524138696701434,0.486,26.13059708078689,2.0,1.0,0.0,0.0,0.0,0.0,0.0,0.0,0.0,0.0,0.0,0.0
ABB India Limited,Automobile and Auto Components,2022,1889.570558609501,1.4909824098615698,0.17400549043879973,0.11957883886515241,0.20573914698314172,0.27659026266684644,0.0,0.0,1.0,0.01976369697390453,0.5017277872826742,0.02943584779512847,0.9120197719953252,0.02128032807078687,0.10343353893914309,0.012019407718794218,32.2933471395224,0.19262101511351132,0.19262101511351135,0.1926210151135112,0.486,26.71576941038649,2.0,1.0,0.0,0.0,0.0,0.0,0.0,0.0,0.0,0.0,0.0,0.0
ABB India Limited,Automobile and Auto Components,2023,2817.3164650790663,1.5650540254225245,0.17400549043879973,0.11957883886515243,0.20573914698314172,0.2765902626668465,0.006699180671375731,-2.4391352272496736,0.0,0.01976369697390453,0.5017277872826741,0.029435847795128475,0.9120197719953252,0.017023291701329702,0.08273539069977144,0.009614196746950509,37.93313050546394,0.1926210151135113,0.19262101511351135,0.19271791300379645,0.486,27.115204648555277,2.0,1.0,0.0,0.0,0.0,0.0,0.0,0.0,0.0,0.0,0.0,0.0
ABB India Limited,Automobile and Auto Components,2024,4409.25247456115,1.6304263659795972,0.17277276813791878,0.11981174300740449,0.20893752313023584,0.27913005279746383,0.00823941055748074,-2.660746588650423,0.0,0.017660427446395566,0.7545614936239587,-0.009947105722199144,0.9423235122745812,0.013292502604045919,0.0636223268843085,0.012504849229826406,49.50652270412166,0.21983759314977744,0.21119579109665465,0.22206005004170137,0.486,27.563124992988314,2.0,1.0,0.0,0.0,0.0,0.0,0.0,0.0,0.0,0.0,0.0,0.0
ABB India Limited,Automobile and Auto Components,2025,7188.961488785282,0.7614437322496774,0.21985874862566565,0.15483877372562288,0.2645278005483789,0.3552801104902513,0.007332447635469373,-2.050971184310538,0.0,0.0176998544798129,0.501132609366416,0.04356594489857021,0.9754941559945542,0.012285501895896707,0.04644475956849808,0.007337857150641034,55.27189951106156,0.16601168358625906,0.48378631886906226,0.5069100836034806,0.486,28.051966547823024,2.0,1.0,0.0,0.0,0.0,0.0,0.0,0.0,0.0,0.0,0.0,0.0
Bharat Forge Limited,Automobile and Auto Components,2021,461.1849386682472,1.5713073990321669,0.14878414765833584,0.04299518834461315,0.07879531001743935,0.1081204432822516,0.0,0.0,1.0,0.08106349546054126,0.7079794027001824,-0.041671791088722064,0.6684500108707554,0.020267504369336494,0.2572171410309928,0.011441870137449123,14.258141456086765,0.10272177857650111,0.1526252410070073,0.15524138696701434,0.54,26.119105826889076,2.0,1.0,0.0,0.0,0.0,0.0,0.0,0.0,0.0,0.0,0.0,0.0
Bharat Forge Limited,Automobile and Auto Components,2022,724.6633064516129,1.0611736068241306,0.14878414765833584,0.04299518834461315,0.07879531001743935,0.1081204432822516,0.0,0.0,1.0,0.08106349546054124,0.7079794027001824,-0.041671791088722064,0.6684500108707554,0.014025353796962884,0.1779973172750856,0.007917910061952135,20.603896945717885,0.08736338690786465,0.08736338690786466,0.0873633869078646,0.54,26.571013837952226,2.0,1.0,0.0,0.0,0.0,0.0,0.0,0.0,0.0,0.0,0.0,0.0
Bharat Forge Limited,Automobile and Auto Components,2023,768.9935746403584,1.3222969482460325,0.14878414765833584,0.042995188344613154,0.07879531001743935,0.1081204432822516,1.0906283861996806,2.859890231596564,0.0,0.08106349546054126,0.7079794027001824,-0.041671791088722064,0.6684500108707554,0.014759551151397005,0.1872870598479796,0.008331148572042632,22.441800400547713,0.08736338690786478,0.0873633869078649,0.11672378160077708,0.54,26.60389565227243,2.0,1.0,0.0,0.0,0.0,0.0,0.0,0.0,0.0,0.0,0.0,0.0
Bharat Forge Limited,Automobile and Auto Components,2024,1016.8378569677534,1.371130835807533,0.18311977691064532,0.0632275297762585,0.13265043128600326,0.18933968576252141,1.1084136752975935,1.9043878373374572,0.0,0.10131170493854892,0.6042106829881002,-0.03686302393731849,0.7774484087595104,0.02009169884854896,0.1514524231099186,0.0029649483443543656,19.090833598027633,0.22410702006931452,0.5066000508642826,0.8,0.54,26.883265988936948,2.0,1.0,0.0,0.0,0.0,0.0,0.0,0.0,0.0,0.0,0.0,0.0
Bharat Forge Limited,Automobile and Auto Components,2025,1394.2177407049364,0.9643487899331853,0.18747300825435542,0.06477351366027513,0.10170961082783783,0.16252043312291897,0.7238752000089913,1.7071015963861504,0.0,0.09982577312102178,0.6594589137525629,-0.04257150211807149,0.7233011161062192,0.014380824038189641,0.1388222939565248,0.005189092960748917,26.177300455907243,-0.034104767146264814,-0.011142935970319385,-0.01860009789525203,0.54,27.22539547348107,2.0,1.0,0.0,0.0,0.0,0.0,0.0,0.0,0.0,0.0,0.0,0.0
Kalyani Steels Limited,Automobile and Auto Components,2021,227.41405603493075,1.586019223174654,0.16072793939921043,0.08912066000521832,0.11213794362857323,0.1484614850561241,0.0,0.0,1.0,0.05945201254744108,-0.4173906404055359,0.12454925251218868,0.7973346550154432,0.16072600992602998,1.433288365429561,-0.22820751230637987,3.449855096434188,0.10272177857650111,0.1526252410070073,0.15524138696701434,1.0,23.020988939132668,0.0,1.0,0.0,0.0,0.0,0.0,0.0,0.0,0.0,0.0,0.0,0.0
Kalyani Steels Limited,Automobile and Auto Components,2022,360.6830644915181,0.871628747075156,0.16072793939921043,0.08912066000521832,0.11213794362857323,0.1484614850561241,0.0,0.0,1.0,0.05945201254744107,-0.4173906404055359,0.12454925251218868,0.7973346550154432,0.1035580211557701,0.9234877848195451,-0.14703729905449722,5.354307066555524,0.02189441735390832,0.021894417353908374,0.021894417353908343,1.0,23.482216182810745,0.0,1.0,0.0,0.0,0.0,0.0,0.0,0.0,0.0,0.0,0.0,0.0
Kalyani Steels Limited,Automobile and Auto Components,2023,314.38172759396963,1.5878504000765732,0.16072793939921043,0.08912066000521832,0.11213794362857323,0.1484614850561241,0.3399472835449735,-0.8037519378815593,0.0,0.05945201254744108,-0.417390640405536,0.1245492525121887,0.7973346550154432,0.12169918491386866,1.085330741627113,-0.17280585997231002,3.7521285716155406,0.02189441735390846,0.02189441735390838,0.024319573536314535,1.0,23.342391881411885,0.0,1.0,0.0,0.0,0.0,0.0,0.0,0.0,0.0,0.0,0.0,0.0
Kalyani Steels Limited,Automobile and Auto Components,2024,499.19115193684894,1.7414873579541825,0.21724692252441613,0.12892593847847245,0.148099907193487,0.1982844549961224,0.3549363956903013,0.021976842376447352,0.0,0.29841226409129873,0.7693874727466163,-0.02866106274508737,0.7498749668229759,0.11416468376668988,0.7708787756025506,-0.11623855149366985,5.220090766760744,0.029612622567786115,0.39166951608566186,0.4895452169367487,1.0,23.804773033298222,0.0,1.0,0.0,0.0,0.0,0.0,0.0,0.0,0.0,0.0,0.0,0.0
Kalyani Steels Limited,Automobile and Auto Components,2025,869.335080300608,0.9091719846985691,0.2183924138012082,0.1309241630487044,0.1354698828048794,0.18735544395368442,0.23135396394638852,-0.7235853007442277,0.0,0.012829480674026752,0.8933375134234705,-0.04597027599295057,0.7163383214958265,0.0675228704445035,0.49842003755844916,0.09400055802260804,8.155004859464103,0.014234069522912255,0.019581884192798906,0.030005264081417807,1.0,24.359512584810222,0.0,1.0,0.0,0.0,0.0,0.0,0.0,0.0,0.0,0.0,0.0,0.0
Kalyani Forge Limited,Automobile and Auto Components,2021,144.2979917717746,1.355028024148394,0.057634785091175894,-0.0006936988954062935,-0.0023641574680735786,0.04777888621559767,0.0,0.0,1.0,0.028870260180512763,-0.16380123702694202,0.012830938276556212,1.4669042335504414,-0.003915886675889522,1.6563561136561522,-0.21626267558102544,3.0736627213568717,0.10272177857650111,0.1526252410070073,0.15524138696701434,1.0,20.078825186707668,0.0,1.0,0.0,0.0,0.0,0.0,0.0,0.0,0.0,0.0,0.0,0.0
Kalyani Forge Limited,Automobile and Auto Components,2022,195.52782267908896,1.088401890299533,0.05763478509117591,-0.0006936988954062935,-0.0023641574680735786,0.04777888621559767,0.0,0.0,1.0,0.028870260180512763,-0.163801237026942,0.012830938276556212,1.4669042335504412,-0.0027318689849873796,1.1555359665671634,-0.15087292992103413,4.405817029616924,-0.05468177724554633,-0.05468177724554616,0.12098716602615622,1.0,20.382647322853796,0.0,1.0,0.0,0.0,0.0,0.0,0.0,0.0,0.0,0.0,0.0,0.0
Kalyani Forge Limited,Automobile and Auto Components,2023,212.81285181007232,1.7097288086374964,0.0576347850911759,-0.0006936988954062935,-0.0023641574680735786,0.04777888621559768,0.49152596905360346,2.4349971170982285,0.0,0.028870260180512763,-0.16380123702694202,0.012830938276556214,1.4669042335504414,-0.002349482165890205,1.003626708093553,-0.1310388480999962,7.507680016806289,-0.054681777245546064,-0.05468177724554614,0.15472084730228677,1.0,20.467357787548384,0.0,1.0,0.0,0.0,0.0,0.0,0.0,0.0,0.0,0.0,0.0,0.0
Kalyani Forge Limited,Automobile and Auto Components,2024,363.85226358798303,1.4879549202732858,0.07337446437628252,0.019279275996473028,0.05548415261099025,0.10168125266789169,0.7427652693909803,3.4355925645749,0.0,0.10999199609846876,0.5776891049887106,-0.026637036313463088,1.1527016532760264,0.03438208650026705,0.6195326628295384,-0.12053611750241607,11.079450571591561,-0.10876534058274484,0.1346249606877031,0.4104427629277664,1.0,21.00369255404594,0.0,1.0,0.0,0.0,0.0,0.0,0.0,0.0,0.0,0.0,0.0,0.0
Kalyani Forge Limited,Automobile and Auto Components,2025,541.3957658583118,1.2368289718518783,0.11203359655650509,0.03513642685003125,0.09270888153493476,0.16992720530728547,0.797978975818177,2.6410795111647554,0.0,0.10289706068162505,0.8233856366928184,-0.05868980189347437,1.0276547486028667,0.04222419428005403,0.4553579424864091,-0.012796013505254895,10.070159913218687,0.0026837857225480797,0.5309722759584456,0.8273381294964028,1.0,21.401095194482657,0.0,1.0,0.0,0.0,0.0,0.0,0.0,0.0,0.0,0.0,0.0,0.0
Kotak Mahindra Bank Limited,Banking Financial Services and Insurance,2021,308.74305216471356,1.191635406172855,0.13772490620796346,0.2878095000615478,0.13288598635532198,0.009338424615858086,0.0,0.0,1.0,0.019028480556915903,-0.17396023474637085,0.02605845399271795,0.08358279510364951,0.033169077486394305,0.24960553325543272,-0.004954123115168197,63.0027123665911,0.10272177857650111,0.1526252410070073,0.15524138696701434,0.275,28.752992428161235,2.0,0.0,1.0,0.0,0.0,0.0,0.0,0.0,0.0,0.0,0.0,0.0
Kotak Mahindra Bank Limited,Banking Financial Services and Insurance,2022,367.9091523693454,0.9846671891905212,0.13772490620796346,0.2878095000615478,0.132885986355322,0.009338424615858085,0.0,0.0,1.0,0.019028480556915903,-0.17396023474637085,0.02605845399271795,0.0835827951036495,0.03369361681904281,0.2535528218073343,-0.00503246814703575,62.02189155185624,0.21048005571038386,0.21048005571038392,0.21048005571038383,0.275,28.928319082712797,2.0,0.0,1.0,0.0,0.0,0.0,0.0,0.0,0.0,0.0,0.0,0.0
Kotak Mahindra Bank Limited,Banking Financial Services and Insurance,2023,362.2680709409905,1.002882147648217,0.13772490620796343,0.2878095000615478,0.132885986355322,0.009338424615858086,0.4659591663413648,0.6810518629393749,0.0,0.019028480556915903,-0.17396023474637085,0.026058453992717952,0.08358279510364951,0.04137267731342898,0.3121292239943525,-0.006195081428453379,51.063471732365485,0.21048005571038392,0.21048005571038378,0.20908117695682518,0.275,28.911490993741307,2.0,0.0,1.0,0.0,0.0,0.0,0.0,0.0,0.0,0.0,0.0,0.0
Kotak Mahindra Bank Limited,Banking Financial Services and Insurance,2024,363.3121810096772,0.9961794065584947,0.13772490620796346,0.2614225939618502,0.14013211261621666,0.01017845335330551,0.5778612727125423,0.692569380723843,0.0,0.016171877020025597,1.6346645289190473,0.003293368915204282,0.09075498037684855,0.05034238034400731,0.35991479824292394,0.040314554458053015,38.32768559567752,0.343488093161837,0.343488093161837,0.22030958099813183,0.275,28.915055534540652,2.0,0.0,1.0,0.0,0.0,0.0,0.0,0.0,0.0,0.0,0.0,0.0
Kotak Mahindra Bank Limited,Banking Financial Services and Insurance,2025,361.92411287369265,1.1541842941868172,0.13772490620796343,0.2911909823832777,0.1404919699528787,0.00966389103333714,0.550837466217033,0.5387803693030927,0.0,0.015961756263416716,1.616417582218198,0.005922264131694035,0.08636812294287234,0.061504606098926835,0.43772220186348254,0.043644237179311644,34.91953136714717,0.0906400828787307,0.09064008287873065,0.21705850191361414,0.275,28.91137957774558,2.0,0.0,1.0,0.0,0.0,0.0,0.0,0.0,0.0,0.0,0.0,0.0
Union Bank of India,Banking Financial Services and Insurance,2021,29.746987913507056,1.3453178324836172,0.13772490620796346,0.18059331053154115,0.10801117320732675,0.003987894012951068,0.0,0.0,1.0,0.06504228588782518,0.9329320564206803,0.0019061562839077228,0.03658275004354161,0.2977206290531328,2.756387327463428,0.10459463806796596,4.404334000715578,0.10272177857650111,0.1526252410070073,0.15524138696701434,0.893,26.14855400750272,2.0,0.0,1.0,0.0,0.0,0.0,0.0,0.0,0.0,0.0,0.0,0.0
Union Bank of India,Banking Financial Services and Insurance,2022,40.01915330271567,1.3615719367235264,0.13772490620796343,0.18059331053154112,0.10801117320732675,0.0039878940129510695,0.0,0.0,1.0,0.06504228588782517,0.9329320564206802,0.0019061562839077228,0.03658275004354162,0.24831350557081308,2.2989612851827546,0.0872370225911752,5.280667623127743,0.12206059806261066,0.12206059806261058,0.12206059806261063,0.893,26.445184299319767,2.0,0.0,1.0,0.0,0.0,0.0,0.0,0.0,0.0,0.0,0.0,0.0
Union Bank of India,Banking Financial Services and Insurance,2023,54.48895606841428,1.8867492306552378,0.13772490620796346,0.18059331053154115,0.10801117320732677,0.003987894012951069,0.3725036259169864,-12.824169594124543,0.0,0.06504228588782517,0.9329320564206803,0.0019061562839077233,0.03658275004354162,0.22848666772709406,2.115994934890778,0.08029413071356048,-7.086891954508945,0.12206059806261056,0.12206059806261059,0.25285587659655395,0.893,26.643283399444368,2.0,0.0,1.0,0.0,0.0,0.0,0.0,0.0,0.0,0.0,0.0,0.0
Union Bank of India,Banking Financial Services and Insurance,2024,102.8069959412877,1.234825199563994,0.13772490620796346,0.25004887120280306,0.1413673162396441,0.004296428756674754,0.2763823344281957,-12.194684472932833,0.0,0.029881643247671827,2.6225547035240684,-0.004374172030261661,0.03935652591495729,0.18627137019874038,1.2436180020168606,0.2329404703827109,-1.867631619910262,0.17071422209461087,0.1707142220946109,0.538152610441767,0.893,27.38867953185075,2.0,0.0,1.0,0.0,0.0,0.0,0.0,0.0,0.0,0.0,0.0,0.0
Union Bank of India,Banking Financial Services and Insurance,2025,126.94866927977532,1.1801792557260156,0.13772490620796346,0.3037924953979027,0.15836163550538596,0.004286037496060029,0.5709399085730024,-8.099746628235273,0.0,0.028102441340250875,-2.4945756027664805,0.025417357862406145,0.03926323638325741,0.1860594532735523,1.1746660690457988,-0.22758419695289667,3.7579450459668067,0.07542896632110453,0.0754289663211046,0.2334203655352482,0.893,27.59960895309855,2.0,0.0,1.0,0.0,0.0,0.0,0.0,0.0,0.0,0.0,0.0,0.0
Life Insurance Corporation of India,Banking Financial Services and Insurance,2021,,,0.13772490620796346,0.04584292792000908,0.778594320447768,0.008650648273453392,0.0,0.0,1.0,0.0011289489525622646,0.3794859108371547,-0.0011013354565742146,0.17150126936135576,0.04065615172769685,0.13447422530091035,0.04982025747639888,5.56206468617266,0.10272177857650111,0.1526252410070073,0.15524138696701434,0.543,24.533015956892672,2.0,0.0,1.0,0.0,0.0,0.0,0.0,0.0,0.0,0.0,0.0,0.0
Life Insurance Corporation of India,Banking Financial Services and Insurance,2022,,,0.13772490620796346,0.04584292792000908,0.7785943204477681,0.008650648273453392,2.9689855043466995e-05,1.2692778700021792e-05,0.0,0.0011289489525622646,0.3794859108371547,-0.0011013354565742152,0.17150126936135573,0.0341721141058903,0.1303032928461194,0.04110227722206973,7.972668319255737,0.06530633181486516,0.06530633181486527,0.06530633181486523,0.543,24.87992440342746,2.0,0.0,1.0,0.0,0.0,0.0,0.0,0.0,0.0,0.0,0.0,0.0
Life Insurance Corporation of India,Banking Financial Services and Insurance,2023,331.6712492509322,1.0739087947473407,0.13772490620796346,0.045842927920009074,0.778594320447768,0.00865064827345339,0.0,-0.4792585311060433,1.0,0.0011289489525622646,0.37948591083715466,-0.0011013354565742154,0.17150126936135573,0.0857927844643291,0.11019265820298749,0.0957008632698395,3.400422050743569,0.06530633181486528,0.06530633181486525,0.06527413041950711,0.543,29.065066953873625,2.0,0.0,1.0,0.0,0.0,0.0,0.0,0.0,0.0,0.0,0.0,0.0
Life Insurance Corporation of India,Banking Financial Services and Insurance,2024,356.18467153541343,1.3311345990889858,0.13772490620796343,0.048191239501103184,0.49447006273469923,0.008430798271592543,0.0,-0.6810812722633429,1.0,0.0009042898522641468,0.3794859108371547,-0.0006505700064503218,0.15971092861319885,0.09080963495865689,0.18364790643184303,0.09678009527342384,3.1721903747242184,0.08126897850973899,0.08126897850973881,0.13670708135652787,0.543,29.13637202526244,2.0,0.0,1.0,0.0,0.0,0.0,0.0,0.0,0.0,0.0,0.0,0.0
Life Insurance Corporation of India,Banking Financial Services and Insurance,2025,474.12973994593466,0.9187826247317443,0.13772490620796346,0.05422394826962935,0.3797980120319377,0.009311026904346752,0.0,-0.6728156431698465,1.0,0.0008716283050937193,0.3794859108371547,0.00030844427809240365,0.15742681433800731,0.080568664611412,0.21212391762621433,0.07635815732669493,4.214116687259379,0.04957933979479451,0.0495793397947946,0.1810171587571496,0.543,29.422403685850238,2.0,0.0,1.0,0.0,0.0,0.0,0.0,0.0,0.0,0.0,0.0,0.0
General Insurance Corporation of India,Banking Financial Services and Insurance,2021,144.7548191116517,1.0949563007901708,0.08033879681754853,0.14288361455947018,0.15286813317055065,0.028004010264752986,0.0,0.0,1.0,0.0027732733385859433,2.3624217113984614,-0.013935635938435616,0.2970685657828772,0.2646677689982035,1.7313469034316076,0.34642453461680967,6.7197953716297425,0.10272177857650111,0.1526252410070073,0.15524138696701434,0.34,26.26043416362077,1.0,0.0,1.0,0.0,0.0,0.0,0.0,0.0,0.0,0.0,0.0,0.0
General Insurance Corporation of India,Banking Financial Services and Insurance,2022,158.50020125604445,0.8501199099005261,0.08033879681754852,0.1428836145594702,0.15286813317055065,0.02800401026475298,0.0,0.0,1.0,0.0027732733385859437,2.3624217113984614,-0.013935635938435604,0.29706856578287716,0.24503452502972756,1.6029143546637643,0.3207265154339611,7.258214934886946,0.013731661048036968,0.013731661048036895,0.013731661048037072,0.34,26.351148618138705,1.0,0.0,1.0,0.0,0.0,0.0,0.0,0.0,0.0,0.0,0.0,0.0
General Insurance Corporation of India,Banking Financial Services and Insurance,2023,134.74417681100377,1.848517398801296,0.16800270950088325,0.1428836145594702,0.15286813317055065,0.05870213849580578,0.0,-3.0258706192614193,1.0,0.0027732733385859437,1.443338122813821,-0.0295883561648053,0.2970685657828772,0.29218331308833884,1.911406864310677,0.4902035360390465,-0.1151800494294948,0.013731661048036916,1.1198931588392944,0.013697362716380746,0.34,26.188770749162636,1.0,0.0,1.0,0.0,0.0,0.0,0.0,0.0,0.0,0.0,0.0,0.0
General Insurance Corporation of India,Banking Financial Services and Insurance,2024,249.07695522229858,1.5645305607894857,0.17230204968639876,0.14362821044925023,0.12099615339719906,0.049799399215702554,0.0,-3.2427212350581027,1.0,0.00012202048741169626,1.3894812729735435,-0.024172220224717152,0.2523663567907414,0.15300492157529075,1.2645080514991003,0.2549031201597556,2.205517665657446,-0.037082053771186806,-0.012440118924571501,-0.03200406400812797,0.34,26.803154660902013,1.0,0.0,1.0,0.0,0.0,0.0,0.0,0.0,0.0,0.0,0.0,0.0
General Insurance Corporation of India,Banking Financial Services and Insurance,2025,389.6885084336804,0.9874298882351327,0.17230204968639876,0.14959739479143477,0.12084351630983566,0.05411701531578468,0.0,-3.049309711002568,1.0,0.0005114843432649731,1.3894812729735435,-0.02290820710818861,0.2550653868012039,0.1087022046666513,0.8995530482669415,0.1735962787216276,4.937686035977457,0.0672268438197912,0.06722684381979123,0.11151928627656783,0.34,27.250740478739903,1.0,0.0,1.0,0.0,0.0,0.0,0.0,0.0,0.0,0.0,0.0,0.0
BF Utilities Limited,Banking Financial Services and Insurance,2021,238.21325371064336,1.6343125912133136,0.6471188984281356,0.09905961000613933,-0.2969623670049605,0.1518514090408519,-0.0,0.0,1.0,0.15479696346609237,0.9811641824309468,-0.1277967314914662,0.2384844569218756,0.0481432259689994,-0.16211894609593822,0.23334583823706437,3.1796355407721326,0.10272177857650111,0.1526252410070073,0.15524138696701434,0.415,22.917477906282624,0.0,0.0,1.0,0.0,0.0,0.0,0.0,0.0,0.0,0.0,0.0,0.0
BF Utilities Limited,Banking Financial Services and Insurance,2022,389.31491993319605,0.9405812917112859,0.6471188984281356,0.09905961000613933,-0.2969623670049605,0.15185140904085187,-9.531232289238284,4.270441861655829,0.0,0.15479696346609237,0.9811641824309468,-0.12779673149146617,0.2384844569218756,0.034650611392737785,-0.11671191512251339,0.1679892469224381,8.687121703624529,0.17656669391661042,0.17656669391661042,0.17628034583424568,0.415,23.408700188716214,0.0,0.0,1.0,0.0,0.0,0.0,0.0,0.0,0.0,0.0,0.0,0.0
BF Utilities Limited,Banking Financial Services and Insurance,2023,366.1823302732414,1.5083655999567092,0.6664409655441329,0.16389063068094994,-1.3566249032243995,0.24191565666385811,-16.164589398846324,2.4751594169667883,0.0,0.14861891990156972,0.8621384209714849,-0.1393680916457111,0.33936451522771727,0.09020096621088561,-0.066487014163708,0.2344209725944767,5.201598675822305,0.479513141097479,0.5236893385176506,1.4484803558191253,0.415,23.347442989307996,0.0,0.0,1.0,0.0,0.0,0.0,0.0,0.0,0.0,0.0,0.0,0.0
BF Utilities Limited,Banking Financial Services and Insurance,2024,552.3368302961436,1.5371650317500671,0.6103581585725273,0.15212267924703599,2.6618377558208848,0.25564630353414164,23.44130344466321,1.77392910358778,0.0,0.25088133126183926,0.9862868431155994,-0.17953199991760563,0.39907924279564133,0.07082634699378136,0.026609189734682695,0.1634777370959799,5.292740424941145,0.2760961434089125,0.1687092068487031,0.1843778383287919,0.415,23.75846966979946,0.0,0.0,1.0,0.0,0.0,0.0,0.0,0.0,0.0,0.0,0.0,0.0
BF Utilities Limited,Banking Financial Services and Insurance,2025,849.032861278903,0.8145180974455335,0.759421691129837,0.17530556027560854,0.7268510019697052,0.27578227702111646,4.622967656149996,1.0486754528608706,0.0,0.03921486505567934,0.850667788576687,-0.16195194412571057,0.3440588484985473,0.04580805876467082,0.06302262587591517,0.15855950224217863,6.087982323366821,-0.1373245724962708,0.07336065365822307,-0.005814233062356881,0.415,24.18840950123344,0.0,0.0,1.0,0.0,0.0,0.0,0.0,0.0,0.0,0.0,0.0,0.0
Unifinz Capital India Limited,Banking Financial Services and Insurance,2021,18.487962589085658,3.3011365704517655,-0.03003442811082573,-0.06015629269358981,-0.11473359459684816,-0.05290773662238126,0.0,-0.0,1.0,0.044384939067708615,16.07023289665211,0.23186780230326295,0.5487943857965452,-0.002219282437140819,0.01934291734638797,-0.019443720509412173,-902.5039691350888,0.10272177857650111,0.1526252410070073,0.15524138696701434,0.467,20.522894395933747,0.0,0.0,1.0,0.0,0.0,0.0,0.0,0.0,0.0,0.0,0.0,0.0
Unifinz Capital India Limited,Banking Financial Services and Insurance,2022,61.03128941597477,0.2690807542883163,-0.030034428110825732,-0.06015629269358982,-0.11473359459684816,-0.052907736622381255,0.0,-0.0,1.0,0.04438493906770862,16.070232896652108,0.23186780230326295,0.548794385796545,-0.0008093036859525249,0.007053763884904528,-0.007090523681686529,-2474.857390268796,0.20382243809455636,0.1493136459896105,0.12206059806261063,0.467,21.717161220397266,0.0,0.0,1.0,0.0,0.0,0.0,0.0,0.0,0.0,0.0,0.0,0.0
Unifinz Capital India Limited,Banking Financial Services and Insurance,2023,16.422345391239027,0.5765124883778535,-0.03003442811082573,-0.06015629269358981,-0.11473359459684816,-0.05290773662238126,2.2567956307846244,-37.8901018922853,0.0,0.044384939067708615,16.07023289665211,0.23186780230326295,0.5487943857965452,-0.02131242472751289,0.18605998890413983,-0.18702961696271642,-131.71500096159124,1.517234215287994,0.3670846971140172,0.20908117695682518,0.467,19.3678142016114,0.0,0.0,1.0,0.0,0.0,0.0,0.0,0.0,0.0,0.0,0.0,0.0
Unifinz Capital India Limited,Banking Financial Services and Insurance,2024,9.467687206503786,7.038121614684418,0.21539240268708348,-0.038140763485699725,-0.30765486845307305,0.7483717550696876,8.57918503096017,4.824293829273986,0.0,0.009711178750050281,-2.4790911213135165,0.3767082469553347,0.7597426742119016,-0.07647062943763619,0.24880470215822387,-1.0911468363232968,7.137618693364088,2.260462320345374,0.12498909267922095,0.1843778383287919,0.467,18.817055924511127,0.0,0.0,1.0,0.0,0.0,0.0,0.0,0.0,0.0,0.0,0.0,0.0
Unifinz Capital India Limited,Banking Financial Services and Insurance,2025,66.63473396916544,1.6657283544413977,0.23843591621792842,0.16543758578819553,0.25863434135018376,0.24431513387380446,0.43918241021342447,0.3979962152269653,0.0,0.005732136258050892,-1.0136964501319827,0.39494762784966114,0.9700554528650647,0.0760864446813293,0.26288293625724635,-0.10168886252196774,10.603017672535497,3.063771302913689,3.498529297330947,0.1810171587571496,0.467,21.80500051915269,0.0,0.0,1.0,0.0,0.0,0.0,0.0,0.0,0.0,0.0,0.0,0.0
Royal India Corporation Limited,Banking Financial Services and Insurance,2021,0.8182730924891659,3.1856526862435257,0.10744710291504368,-0.09924223946592124,0.2739107230805832,0.03245192754661909,-0.0,0.0,1.0,0.004830659273585847,-0.3695332959212568,-0.013573780547460529,0.22798915401200026,-0.1272952666669423,-0.4647326882105767,-0.057125016132693024,7.255871627821158,0.10272177857650111,0.1526252410070073,0.15524138696701434,1.0,18.385381768620558,0.0,0.0,1.0,0.0,0.0,0.0,0.0,0.0,0.0,0.0,0.0,0.0
Royal India Corporation Limited,Banking Financial Services and Insurance,2022,2.606733875168908,1.0516630209867601,0.10744710291504368,-0.09924223946592124,0.2739107230805832,0.03245192754661908,-0.0,0.0,1.0,0.004830659273585847,-0.36953329592125683,-0.013573780547460525,0.22798915401200026,-1.3234952876716082,-0.21531340115688752,-0.02646635760017597,15.661081515549286,0.47593171769503695,0.475931717695037,0.12206059806261063,1.0,19.544038961687633,0.0,0.0,1.0,0.0,0.0,0.0,0.0,0.0,0.0,0.0,0.0,0.0
Royal India Corporation Limited,Banking Financial Services and Insurance,2023,2.741405622068658,1.5243130406410377,0.10744710291504368,-0.09924223946592124,0.2739107230805832,0.03245192754661909,-10.099077990468908,33.77882807695643,0.0,0.004830659273585847,-0.36953329592125683,-0.013573780547460527,0.22798915401200026,-0.5872899606826874,-2.148572570968882,-0.26410288299592394,35.34826109144734,1.053145815604163,1.0531458156041629,0.20908117695682518,1.0,17.962947789219236,0.0,0.0,1.0,0.0,0.0,0.0,0.0,0.0,0.0,0.0,0.0,0.0
Royal India Corporation Limited,Banking Financial Services and Insurance,2024,4.178760339405911,6.8269476645297615,-0.08476471919138528,-0.2858265055770238,0.37749503068555645,-0.022318478159104097,-6.0577571430848565,-53.65571992466241,0.0,0.00021128231619506379,0.8124757698252221,-0.04123963163653864,0.19008185423607632,-0.8543203510224618,-2.26429516616729,-0.20658445829828395,-57.60068437317191,-0.2313060941984955,-1.6064204739043821,0.1843778383287919,1.0,18.384491632635285,0.0,0.0,1.0,0.0,0.0,0.0,0.0,0.0,0.0,0.0,0.0,0.0
Royal India Corporation Limited,Banking Financial Services and Insurance,2025,28.528178139736777,0.2525088642305327,0.07010412173730453,0.04921023555446677,0.13969969953990966,0.08622037505953824,1.3052083073118617,6.478229389797982,0.0,6.681171322958277e-05,-1.515443064235886,0.15185699195132368,0.9768924359387223,0.03470253148135784,0.24817357816621247,-0.07489482013735779,26.725238420664564,6.628509284231348,0.07439480998966383,0.1810171587571496,1.0,21.86205340256428,0.0,0.0,1.0,0.0,0.0,0.0,0.0,0.0,0.0,0.0,0.0,0.0
Adani Ports and Special Economic Zone Limited,Infrastructure and Construction,2021,415.4056215094754,1.7723451487167625,0.5500052513175052,0.2545977802513055,0.11653479942892164,0.07868254243225058,0.0,0.0,1.0,0.4383790261899269,1.0375667253192613,-0.057428307306817895,0.181695264566334,0.037953405032474095,0.3256830167337535,0.01972045728281615,12.196550873379255,0.10272177857650111,0.1526252410070073,0.15524138696701434,0.507,27.587150271131094,2.0,0.0,0.0,0.0,0.0,0.0,1.0,0.0,0.0,0.0,0.0,0.0
Adani Ports and Special Economic Zone Limited,Infrastructure and Construction,2022,736.2421380319903,1.0504445302561276,0.5500052513175052,0.2545977802513055,0.11653479942892163,0.07868254243225058,0.0,-0.982906710427959,1.0,0.43837902618992697,1.0375667253192615,-0.05742830730681791,0.18169526456633397,0.02588831188138386,0.22215091121492841,0.013451476834403338,16.89777386146394,0.20893036954598107,0.20893036954598113,0.20893036954598102,0.507,28.15945388353251,2.0,0.0,0.0,0.0,0.0,0.0,1.0,0.0,0.0,0.0,0.0,0.0
Adani Ports and Special Economic Zone Limited,Infrastructure and Construction,2023,773.381526839781,1.165296416246181,0.5500052513175052,0.2545977802513055,0.11653479942892164,0.07868254243225058,1.1511750832822605,4.018752844708972,0.0,0.43837902618992697,1.0375667253192613,-0.057428307306817895,0.181695264566334,0.03178250209885367,0.27269008077212076,0.01651167795989334,18.585507421705532,0.20893036954598082,0.20893036954598074,0.2896072807127391,0.507,28.14421087620238,2.0,0.0,0.0,0.0,0.0,0.0,1.0,0.0,0.0,0.0,0.0,0.0
Adani Ports and Special Economic Zone Limited,Infrastructure and Construction,2024,901.2187216173965,1.4666629084526166,0.6249850246494271,0.30364919342761815,0.153190579541662,0.12498412716694063,0.9286405437213157,2.945222449187418,0.0,0.2776542311355509,0.8995956558462175,-0.058081598669737354,0.224613508465969,0.04166580109721853,0.2719638459776751,0.03904584613651513,14.606853235225573,0.2809646694235684,0.45559289402598036,0.5276647681041498,0.507,28.29718636540314,2.0,0.0,0.0,0.0,0.0,0.0,1.0,0.0,0.0,0.0,0.0,0.0
Adani Ports and Special Economic Zone Limited,Infrastructure and Construction,2025,1321.7840713993196,1.067596757292115,0.659393351934171,0.3639766985295975,0.1776606184409195,0.1374448342157993,0.8217265880776912,2.553084488209391,0.0,0.26411264455544864,0.8572322884585049,-0.045325271001593635,0.22518900338818032,0.03884900802718694,0.21866970953362133,0.032142197646006135,16.761616809115054,0.1409468764413775,0.2037612991727418,0.3675099866844209,0.507,28.680176055237293,2.0,0.0,0.0,0.0,0.0,0.0,1.0,0.0,0.0,0.0,0.0,0.0
Kalpataru Projects International Limited,Infrastructure and Construction,2021,274.0160645634295,1.4743079864752013,0.09089260669575289,0.027183533100692863,0.09336697298236248,0.1549915984202451,0.0,0.0,1.0,0.0475815135939252,0.4453966832234075,-0.011012800772183026,0.8280467906142991,0.06908346356305631,0.7399132836415994,-0.018039287172937388,4.32915604566014,0.10272177857650111,0.1526252410070073,0.15524138696701434,0.452,24.569029823157084,0.0,0.0,0.0,0.0,0.0,0.0,1.0,0.0,0.0,0.0,0.0,0.0
Kalpataru Projects International Limited,Infrastructure and Construction,2022,403.9840724083685,1.0997744608201037,0.0908926066957529,0.027183533100692867,0.09336697298236249,0.15499159842024512,0.0,0.0,1.0,0.0475815135939252,0.4453966832234075,-0.011012800772183024,0.8280467906142991,0.054713935606577564,0.5860095262691369,-0.014287071693615453,5.466122855603783,0.1676483499215348,0.16764834992153488,0.16764834992153493,0.452,24.95721854114635,0.0,0.0,0.0,0.0,0.0,0.0,1.0,0.0,0.0,0.0,0.0,0.0
Kalpataru Projects International Limited,Infrastructure and Construction,2023,444.29136541282315,1.5162907709624176,0.09089260669575289,0.027183533100692863,0.09336697298236249,0.15499159842024515,0.8020408336193127,1.800559129278289,0.0,0.0475815135939252,0.4453966832234074,-0.011012800772183026,0.8280467906142992,0.06540752817241509,0.6540662510979757,-0.015946313162013892,6.697922446471447,0.16764834992153496,0.16764834992153496,0.3147204314936155,0.452,25.002337708126213,0.0,0.0,0.0,0.0,0.0,0.0,1.0,0.0,0.0,0.0,0.0,0.0
Kalpataru Projects International Limited,Infrastructure and Construction,2024,673.6748969937548,1.7757599173060792,0.08559798388630172,0.026188613932110333,0.0991847006319592,0.1644643921170525,0.7801105101411252,1.7014594727647132,0.0,0.018067527886523715,0.5060786350237442,-0.015126344797168127,0.8829964637886605,0.04656548750738267,0.46949769208275033,0.044901172625019095,8.271542065092836,0.2001596165256145,0.13024862253345276,0.07949070887818314,0.452,25.418604778381248,0.0,0.0,0.0,0.0,0.0,0.0,1.0,0.0,0.0,0.0,0.0,0.0
Kalpataru Projects International Limited,Infrastructure and Construction,2025,1196.2848793768114,0.9694731405024853,0.08302263365363824,0.02649504524107008,0.0899232804110954,0.15485221666325258,0.6622587831416495,1.295270527979077,0.0,0.02599382430668207,0.49798398082057427,-0.012830239418325999,0.8640534019384704,0.02970028344628821,0.3188235665294444,0.01660999839259432,12.426563209964637,0.13601778488551958,0.10183889966199787,0.13261077462543833,0.452,26.042819188300026,0.0,0.0,0.0,0.0,0.0,0.0,1.0,0.0,0.0,0.0,0.0,0.0
Hindalco Industries Limited,Metals Mining and Materials,2021,200.9710845334463,2.258838829314184,0.10781888553959007,0.04549489269477374,0.10650169820475497,0.10247689508940795,0.0,0.0,1.0,0.04387281075260096,0.8027080111997994,-0.040526294719705355,0.9871895808590987,0.21192331158248262,1.9898585201434928,0.19878436010673398,1.9910816725238745,0.10272177857650111,0.1526252410070073,0.15524138696701434,0.925,26.823860681517218,2.0,0.0,0.0,0.0,0.0,0.0,0.0,0.0,1.0,0.0,0.0,0.0
Hindalco Industries Limited,Metals Mining and Materials,2022,453.96128931353167,0.9422808628816367,0.10781888553959006,0.04549489269477374,0.10650169820475497,0.10247689508940795,0.0,0.0,1.0,0.043872810752600966,0.8027080111997994,-0.04052629471970536,0.9871895808590988,0.09695561393803745,0.9103668351995224,0.09094450030773027,4.352059716130645,0.03342621369898122,0.033426213698981196,0.03342621369898114,0.925,27.638711570426043,2.0,0.0,0.0,0.0,0.0,0.0,0.0,0.0,1.0,0.0,0.0,0.0
Hindalco Industries Limited,Metals Mining and Materials,2023,427.75903540921496,1.1299350290402739,0.10781888553959007,0.04549489269477374,0.10650169820475497,0.10247689508940794,0.6359407632428328,1.628108153286807,0.0,0.043872810752600966,0.8027080111997994,-0.04052629471970536,0.9871895808590987,0.10604100964601819,0.997606236628585,0.09965960663997352,5.599585761288423,0.0334262136989811,0.033426213698981126,0.030578942380245146,0.925,27.580080261341223,2.0,0.0,0.0,0.0,0.0,0.0,0.0,0.0,1.0,0.0,0.0,0.0
Hindalco Industries Limited,Metals Mining and Materials,2024,483.33991809735085,1.3600138640708712,0.11785463229783015,0.04727499569380886,0.09567011474761178,0.10312594172326665,0.5309290976579428,1.5786459156264814,0.0,0.07321921538869776,0.9502291041238742,-0.05994213197531769,0.9262635453004868,0.09444698914937438,0.9889538731806958,0.07759131626108223,5.818320368469632,-0.032126234021366426,0.0579631409586694,0.006393298059964708,0.925,27.701774023159825,2.0,0.0,0.0,0.0,0.0,0.0,0.0,0.0,1.0,0.0,0.0,0.0
Hindalco Industries Limited,Metals Mining and Materials,2025,657.3489896712765,1.1742411520289349,0.14153538490097967,0.06750850132055253,0.12934386342141638,0.12802593839630877,0.5167691922172194,1.239932035651474,0.0,0.08711849532954746,0.72763585417474,-0.03161385159648259,0.891090300047746,0.10939394618368602,0.8475505063182311,0.025767223518603073,5.590861271860512,0.10341841746311806,0.32513035234634224,0.5752464403066813,0.925,28.009187810389044,2.0,0.0,0.0,0.0,0.0,0.0,0.0,0.0,1.0,0.0,0.0,0.0
Vedanta Limited,Metals Mining and Materials,2021,131.82630526684375,2.356699594448169,0.25253087948061953,0.07272152072845314,0.2682190599396292,0.2411335733407182,0.0,0.0,1.0,0.09481857445462298,0.9004874860426483,-0.11511590412382215,0.7442227078929454,0.4848402099943511,1.807627728258682,0.883936974491309,0.5939499228178919,0.10272177857650111,0.1526252410070073,0.15524138696701434,0.363,26.96695803297346,2.0,0.0,0.0,0.0,0.0,0.0,0.0,0.0,1.0,0.0,0.0,0.0
Vedanta Limited,Metals Mining and Materials,2022,310.67500015997115,0.9620139829314743,0.25253087948061953,0.07272152072845313,0.26821905993962913,0.24113357334071814,0.0,0.0,1.0,0.09481857445462297,0.9004874860426482,-0.11511590412382214,0.7442227078929455,0.133910369245017,0.49925746990224185,0.24413884039204062,2.150474283124801,-0.3490917081819327,-0.3490917081819327,-0.34909170818193275,0.363,27.824220196300736,2.0,0.0,0.0,0.0,0.0,0.0,0.0,0.0,1.0,0.0,0.0,0.0
Vedanta Limited,Metals Mining and Materials,2023,298.8736943011303,0.867344794520718,0.25253087948061953,0.07272152072845314,0.26821905993962913,0.24113357334071817,1.689825736245339,1.3100302295814157,0.0,0.09481857445462298,0.9004874860426482,-0.11511590412382215,0.7442227078929454,0.09475574645745227,0.3552338497364226,0.1737107311777073,4.332378326417762,-0.34909170818193264,-0.34909170818193264,-0.3192733798800225,0.363,27.735179306993356,2.0,0.0,0.0,0.0,0.0,0.0,0.0,0.0,1.0,0.0,0.0,0.0
Vedanta Limited,Metals Mining and Materials,2024,259.2265429712617,1.717026293286912,0.2788713124061131,0.02989569301728576,0.13797929822277197,0.2567902555597168,2.368660894473016,1.3997015831268018,0.0,0.11814405506618804,0.9016741692377725,-0.1646428066056277,0.7431226317692747,0.04370694401173287,0.3195018611527957,0.1965765308088713,3.831443386645152,-0.024834254903578993,0.07688117868133663,-0.5999293785310735,0.363,27.591822120244558,2.0,0.0,0.0,0.0,0.0,0.0,0.0,0.0,1.0,0.0,0.0,0.0
Vedanta Limited,Metals Mining and Materials,2025,445.0987901995259,1.1619710378186223,0.4276276276276276,0.2432919405892379,0.39134181049113553,0.11841992538882702,1.9631060863207916,2.071325539022168,0.0,0.27603278954630306,1.5017461281506226,-0.12166912572905424,0.3050145068177092,0.08683465525186944,0.22033125814570223,0.1297687195486202,8.669588240641952,-0.565528622710571,-0.33377168580243793,2.4112974404236542,0.363,28.183897862369278,2.0,0.0,0.0,0.0,0.0,0.0,0.0,0.0,1.0,0.0,0.0,0.0
Mahalaxmi Rubtech Limited,Metals Mining and Materials,2021,,,0.258183451934086,0.15779938839693328,0.26120083292550694,0.29609336099585065,0.0,0.0,1.0,0.038733894694126005,-0.1656188252200467,0.19183551252620024,0.9565020904725468,0.34838176078841687,1.8987431242010873,0.5413606672990215,1.2925157976708832,0.10272177857650111,0.1526252410070073,0.15524138696701434,0.134,26.895409357245338,0.0,0.0,0.0,0.0,0.0,0.0,0.0,0.0,1.0,0.0,0.0,0.0
Mahalaxmi Rubtech Limited,Metals Mining and Materials,2022,,,0.258183451934086,0.15779938839693328,0.2612008329255069,0.2960933609958506,0.0,0.0,1.0,0.038733894694126,-0.1656188252200467,0.19183551252620024,0.9565020904725468,0.11543299159152723,0.7048121525508821,0.16754167034988543,3.251266999627723,0.1554767829937663,0.15547678299376624,0.15547678299376624,0.134,27.73146588336339,0.0,0.0,0.0,0.0,0.0,0.0,0.0,0.0,1.0,0.0,0.0,0.0
Mahalaxmi Rubtech Limited,Metals Mining and Materials,2023,189.04779123206694,1.2363063692628757,0.258183451934086,0.15779938839693328,0.2612008329255069,0.2960933609958506,0.4411674391379029,0.428467980959224,0.0,0.038733894694126005,-0.1656188252200467,0.1918355125262002,0.9565020904725466,0.05421909419411063,0.20761856483781377,-0.028006620944118828,11.698785987892602,0.15547678299376652,0.15547678299376658,0.15524138696701434,0.134,21.42027531473816,0.0,0.0,0.0,0.0,0.0,0.0,0.0,0.0,1.0,0.0,0.0,0.0
Mahalaxmi Rubtech Limited,Metals Mining and Materials,2024,233.72098839528277,0.8817639162335473,0.2606000785945507,0.1450253460854525,0.20864137771945682,0.27960533703740176,0.30308164137393784,-0.2955689371702928,0.0,0.037465154882522174,0.8396273993605068,-0.06826882384702569,0.9252822543377907,0.04445471530536153,0.2130682507730366,0.055586998107131885,12.222870306077766,0.10272177857650111,0.11304338063589006,0.01365853658536591,0.134,21.632403514630482,0.0,0.0,0.0,0.0,0.0,0.0,0.0,0.0,1.0,0.0,0.0,0.0
Mahalaxmi Rubtech Limited,Metals Mining and Materials,2025,206.0867340334,1.0307586869593626,0.29025839535227044,0.182116401656926,0.2441111122428045,0.31823378305809147,0.21273911670684986,-0.507560033359138,0.0,0.031478771721101494,0.5135886130152996,0.03091067687680308,0.9354683769762169,0.07666674943492156,0.31400817571256545,0.049495640983542005,7.677761905833613,0.21075562483324944,0.3485490362211396,0.5206929740134745,0.134,21.506572587156036,0.0,0.0,0.0,0.0,0.0,0.0,0.0,0.0,1.0,0.0,0.0,0.0
Tech Mahindra Limited,IT and Software,2021,774.5688753549354,1.7455490760433445,0.16377870602850053,0.09066019643386589,0.17301294562122868,0.20623288651724067,0.0,0.0,1.0,0.019050407016674733,0.6384197621393708,-0.016048689909497253,1.1546346631768476,0.07080885054246792,0.4092690884385456,0.0667857036722865,7.817568146701913,0.10272177857650111,0.1526252410070073,0.15524138696701434,0.162,27.254419105848047,2.0,0.0,0.0,0.0,0.0,1.0,0.0,0.0,0.0,0.0,0.0,0.0
Tech Mahindra Limited,IT and Software,2022,1352.04798470774,0.8041523833558553,0.16377870602850056,0.0906601964338659,0.17301294562122865,0.20623288651724067,0.0,0.0,1.0,0.019050407016674736,0.6384197621393707,-0.01604868990949725,1.1546346631768476,0.04045030485996646,0.23379929585455952,0.03815203965514357,13.684767430596633,-0.0028366265931883813,-0.002836626593188241,-0.0028366265931882738,0.162,27.811488268766745,2.0,0.0,0.0,0.0,0.0,1.0,0.0,0.0,0.0,0.0,0.0,0.0
Tech Mahindra Limited,IT and Software,2023,1087.25260931421,1.1004968818585255,0.16377870602850056,0.09066019643386589,0.17301294562122868,0.20623288651724064,0.098128883238733,-0.4827333348610188,0.0,0.019050407016674736,0.6384197621393708,-0.016048689909497264,1.1546346631768476,0.05016313553333422,0.29188769198654835,0.047631070738752834,10.47863666135777,-0.0028366265931885648,-0.0028366265931886406,-0.0027564653621016968,0.162,27.58674153681464,2.0,0.0,0.0,0.0,0.0,1.0,0.0,0.0,0.0,0.0,0.0,0.0
Tech Mahindra Limited,IT and Software,2024,1196.5181063428338,1.2882503931689637,0.10450307333697467,0.04534614467378009,0.08840843813509115,0.11739539714999837,0.09511650055869274,-0.8872223346890701,0.0,0.015214748940294948,1.1734913594788081,-0.09254414650098103,1.1974041765307344,0.022214456980715454,0.2525619893701285,0.052893371400518155,18.54621384936742,-0.024293397285054287,-0.37742615550310504,-0.5126512651265127,0.162,27.685466328635027,2.0,0.0,0.0,0.0,0.0,1.0,0.0,0.0,0.0,0.0,0.0,0.0
Tech Mahindra Limited,IT and Software,2025,1541.4149209299396,0.9844296654934206,0.1477269510439097,0.0802346933190912,0.15538256309047385,0.1877688911236467,0.07401640991904683,-0.687523953090268,0.0,0.011200585789693197,0.7391221032729502,-0.034480666149748845,1.190895503938689,0.03108183225000558,0.20062996841456684,0.03807214231683621,16.734731476910117,0.019092000092315504,0.440602167951856,0.8024830699774266,0.162,27.941280866474695,2.0,0.0,0.0,0.0,0.0,1.0,0.0,0.0,0.0,0.0,0.0,0.0
California Software Company Limited,IT and Software,2021,9.260441772430298,2.8047458347592684,0.43254585579392935,0.08002604826164031,0.019102370128300825,0.025812379888558397,0.0,0.0,1.0,0.019196229807372643,-0.9108397457343592,0.05226688359564245,0.1102662898387386,0.00784276945957088,0.41056525482937567,-0.04049238531871539,23.590099206103204,0.10272177857650111,0.1526252410070073,0.15524138696701434,0.655,18.77933114597128,0.0,0.0,0.0,0.0,0.0,1.0,0.0,0.0,0.0,0.0,0.0,0.0
California Software Company Limited,IT and Software,2022,25.973185489254615,0.8346497979601837,0.43254585579392935,0.08002604826164031,0.019102370128300825,0.0258123798885584,0.0,0.0,1.0,0.019196229807372643,-0.9108397457343592,0.05226688359564245,0.11026628983873861,0.00392512804499978,0.20547858818757606,-0.020265519475326187,47.13520361139808,0.4037116087449398,0.4037116087449397,0.40371160874493983,0.655,19.81064406934645,0.0,0.0,0.0,0.0,0.0,1.0,0.0,0.0,0.0,0.0,0.0,0.0
California Software Company Limited,IT and Software,2023,21.67851402098874,0.7206031230985337,0.4325458557939293,0.08002604826164032,0.01910237012830083,0.025812379888558397,0.5497220229489416,5.28862462361994,0.0,0.0023515791758619443,-0.9108397457343593,0.05226688359564245,0.1102662898387386,0.003775812305250741,0.20204703890676007,-0.019114678818418548,53.22436842075393,0.40371160874493983,0.4037116087449398,-0.19710110305120432,0.655,20.16660524558048,0.0,0.0,0.0,0.0,0.0,1.0,0.0,0.0,0.0,0.0,0.0,0.0
California Software Company Limited,IT and Software,2024,15.621604907659837,1.0863658521122275,0.3658855687685443,0.14566735976450249,0.05107223014039744,0.06961771283000631,0.6810176766435675,5.283123683034289,0.0,0.0023515791758619443,-1.2497924781303875,0.11784905384671586,0.19545462847957917,0.025605563728209872,0.2956038721033805,-0.047636903810821696,31.653846102094843,0.5485329763756738,0.30988624958179994,3.8867495785178496,0.655,19.83893849892811,0.0,0.0,0.0,0.0,0.0,1.0,0.0,0.0,0.0,0.0,0.0,0.0
California Software Company Limited,IT and Software,2025,16.97077812687043,0.862791067207681,0.2874008519388954,0.13208725029377202,0.029326517384338807,0.04069577836841848,0.03270187968545537,-0.7896888775314637,0.0,0.0023515791758619443,-1.327541046444771,0.10212619927276975,0.19883467924473197,0.007070978072007185,0.23378681218283826,-0.019926184464186786,66.24388076650295,0.2724341751746373,-0.0005108230636613244,-0.7000000000000001,0.655,20.771366683246164,0.0,0.0,0.0,0.0,0.0,1.0,0.0,0.0,0.0,0.0,0.0,0.0
Bombay Burmah Trading Corporation Limited,Trading and Diversified,2021,1186.0674717914628,0.9610467854052661,0.04346820374288018,-0.10280391510575726,-0.4156547238328964,0.0453916759724489,0.0,0.0,1.0,0.044389932523157656,3.491723966947513,-0.2637577795131038,1.0360389333999378,-0.18460580175895178,0.44413257247899807,0.19283934005146344,12.811282694741292,0.10272177857650111,0.1526252410070073,0.15524138696701434,0.611,25.13914037603095,0.0,0.0,0.0,0.0,0.0,0.0,0.0,0.0,0.0,0.0,0.0,1.0
Bombay Burmah Trading Corporation Limited,Trading and Diversified,2022,1139.8663310389366,0.8107940032192232,0.043468203742880185,-0.10280391510575726,-0.4156547238328964,0.04539167597244889,0.0,0.0,1.0,0.04438993252315766,3.491723966947513,-0.2637577795131038,1.0360389333999378,0.007974619262343574,0.4840544096237138,0.210173130017956,11.75468671878074,0.04743259818466068,0.04743259818466079,0.15524138696701434,0.611,25.099408188918638,0.0,0.0,0.0,0.0,0.0,0.0,0.0,0.0,0.0,0.0,0.0,1.0
Bombay Burmah Trading Corporation Limited,Trading and Diversified,2023,924.1967856778678,1.3739001627129885,0.043468203742880185,-0.10280391510575726,-0.4156547238328964,0.0453916759724489,1.62229263334087,5.797881664037126,0.0,0.044389932523157656,3.491723966947513,-0.26375777951310386,1.0360389333999378,-0.25992299878408104,0.6253306831597538,0.2715143264124363,14.896920129925926,0.04743259818466055,0.0474325981846605,-27.42684268426843,0.611,24.889666928358753,0.0,0.0,0.0,0.0,0.0,0.0,0.0,0.0,0.0,0.0,0.0,1.0
Bombay Burmah Trading Corporation Limited,Trading and Diversified,2024,1269.7541142216435,1.6743192830694642,0.18708156363495282,0.03770789248210508,0.13754569170743247,0.3719761732216482,0.46697657981912216,-0.1257847751996536,0.0,0.034121125408223915,0.6127401216126896,-0.10900487311513052,1.4170373642648504,0.07181705416713634,0.5224251005879521,0.1534247276842138,2.6791982815859816,0.03552630745249059,3.4567721714305306,0.15524138696701434,0.611,25.20732045773798,0.0,0.0,0.0,0.0,0.0,0.0,0.0,0.0,0.0,0.0,0.0,1.0
Bombay Burmah Trading Corporation Limited,Trading and Diversified,2025,2125.9737981980848,0.8722826229838981,0.1980008598572458,0.06276342911964147,0.19933945931548808,0.3706485900717069,0.27957384471966973,-0.0065535721344710555,0.0,0.018560728675903703,0.6322404124712698,-0.08775121881059177,1.405802819513859,0.07568296473661824,0.3796688006134925,0.12857132443769984,4.181781330663064,0.059475785254450075,0.12131367945825071,0.7644478561245752,0.611,25.722727142245407,0.0,0.0,0.0,0.0,0.0,0.0,0.0,0.0,0.0,0.0,0.0,1.0
Kalyan Jewellers India Limited,Jewellery and Retail,2021,,,0.07862218993070236,0.030880904897750517,0.11915802934538675,0.19752512647834294,0.0,0.0,1.0,0.013341737367745191,0.9190098279006456,-0.05416497828746684,1.3091657311155662,0.04222419428005403,0.3195018611527957,0.01972045728281615,11.079450571591561,0.10272177857650111,0.1526252410070073,0.15524138696701434,1.0,26.132492924780166,1.0,0.0,0.0,0.0,0.0,0.0,0.0,1.0,0.0,0.0,0.0,0.0
Kalyan Jewellers India Limited,Jewellery and Retail,2022,69.24012108772031,1.3008829545681682,0.07862218993070237,0.030880904897750517,0.11915802934538675,0.19752512647834294,0.0,0.0,1.0,0.013341737367745191,0.9190098279006453,-0.054164978287466824,1.3091657311155662,0.04541456449077303,0.3811288650900408,0.08663931414828896,8.648677990530132,0.3336584241889413,0.3336584241889414,0.33365842418894137,1.0,24.99307240453533,1.0,0.0,0.0,0.0,0.0,0.0,0.0,1.0,0.0,0.0,0.0,0.0
Kalyan Jewellers India Limited,Jewellery and Retail,2023,90.07329329525132,2.7559952044417355,0.07862218993070237,0.030880904897750517,0.11915802934538675,0.19752512647834294,1.1817965719970585,3.7677234584561026,0.0,0.013341737367745193,0.9190098279006454,-0.054164978287466824,1.3091657311155662,0.04662869365987116,0.3917547293626447,0.08905481629765703,12.181816716303253,0.3336584241889413,0.33365842418894126,0.3356612235757826,1.0,25.253499858369977,1.0,0.0,0.0,0.0,0.0,0.0,0.0,1.0,0.0,0.0,0.0,0.0
Kalyan Jewellers India Limited,Jewellery and Retail,2024,248.24156436998658,2.2620128377924655,0.07417453937772042,0.03233692776287429,0.1425967705858383,0.2084755090599633,1.0730216848326486,3.150824627753442,0.0,0.02010798175564682,0.9646787243266282,-0.056519424063611864,1.441172328808483,0.023364338742868654,0.16382575383567594,0.03716635247109038,21.81256028370924,0.31711599492620685,0.24260685586078243,0.3809523809523809,1.0,26.267278471476963,1.0,0.0,0.0,0.0,0.0,0.0,0.0,1.0,0.0,0.0,0.0,0.0
Kalyan Jewellers India Limited,Jewellery and Retail,2025,561.5256054785943,0.8832866242750441,0.06594024071104417,0.028654454101982516,0.14880574438470656,0.2061983066046094,1.0324295764532188,2.789829006154125,0.0,0.018633613077719675,0.7352388849744637,-0.03269904789419768,1.6491869433612247,0.012341378438287753,0.08293794302274728,0.012855802628360391,38.00004215778683,0.3504086194851663,0.20049642605353696,0.19482758620689655,1.0,27.084874612094143,1.0,0.0,0.0,0.0,0.0,0.0,0.0,1.0,0.0,0.0,0.0,0.0
